date, pm25, pm10, o3, no2, so2, co
2024/10/1, 47, 23, , 9, , 
2024/10/2, 53, 19, , 9, , 
2024/10/3, 46, 21, , 11, , 
2024/10/4, 50, 41, , 11, , 
2024/10/5, 84, 46, , 8, , 
2024/10/6, 97, 48, , 10, , 
2024/10/7, 109, 50, , 13, , 
2024/10/8, 111, 24, , 11, , 
2024/10/9, 56, 40, , 12, , 
2024/10/10, 89, 32, , 10, , 
2024/10/11, 75, 49, , 8, , 
2024/10/12, 114, 34, , 8, , 
2024/10/13, 75, 41, , 9, , 
2024/10/14, 84, 42, , 13, , 
2024/10/15, 95, 35, , 14, , 
2024/10/16, 76, 30, , 11, , 
2024/10/17, 67, 28, , 9, , 
2024/10/18, 65, 32, , 9, , 
2024/10/19, 73, 19, , 7, , 
2024/10/20, 45, 22, , 9, , 
2024/10/21, 53, 30, , 13, , 
2024/10/22, 69, 27, , 6, , 
2024/10/23, 60, 43, , 14, , 
2024/10/24, 93, 58, , 13, , 
2024/10/25, 122, 33, , 9, , 
2024/10/26, 72, 24, , 5, , 
2024/10/27, 55, 29, , 8, , 
2024/10/28, 67, 34, , 9, , 
2024/10/29, 77, 23, , 8, , 
2024/10/30, 60, , , , , 
2024/7/1, 35, 21, , 3, , 
2024/7/2, 44, 23, , 4, , 
2024/7/3, 49, 24, , 5, , 
2024/7/4, 52, 18, , 1, , 
2024/7/5, 46, 20, , 2, , 
2024/7/6, 46, 16, , 2, , 
2024/7/7, 35, 24, , 4, , 
2024/7/8, 51, 20, , 4, , 
2024/7/9, 46, 23, , 5, , 
2024/7/10, 49, 20, , 2, , 
2024/7/11, 43, 20, , 3, , 
2024/7/12, 44, 22, , 4, , 
2024/7/13, 47, 18, , 2, , 
2024/7/14, 38, 22, , 3, , 
2024/7/15, 48, 19, , 4, , 
2024/7/16, 41, 16, , 4, , 
2024/7/17, 35, 16, , 6, , 
2024/7/18, 34, 17, , 6, , 
2024/7/19, 36, 18, , 5, , 
2024/7/20, 41, 24, , 7, , 
2024/7/21, 51, 26, , 6, , 
2024/7/22, 55, 33, , 6, , 
2024/7/23, 64, 16, , 5, , 
2024/7/24, 34, 16, , 6, , 
2024/7/25, 37, 25, , 6, , 
2024/7/26, 53, 19, , 5, , 
2024/7/27, 44, 19, , 3, , 
2024/7/28, 45, 15, , 4, , 
2024/7/29, 34, 23, , 7, , 
2024/7/30, 51, 21, , 6, , 
2024/7/31, 44, 21, , 4, , 
2024/8/1, 47, 24, , 10, , 
2024/8/2, 54, 30, , 10, , 
2024/8/3, 63, 19, , 7, , 
2024/8/4, 46, 16, , 6, , 
2024/8/5, 37, 21, , 6, , 
2024/8/6, 43, 23, , 10, , 
2024/8/7, 53, 25, , 8, , 
2024/8/8, 53, 21, , 5, , 
2024/8/9, 46, 15, , 3, , 
2024/8/10, 32, 15, , 4, , 
2024/8/11, 32, 17, , 3, , 
2024/8/12, 36, 20, , 7, , 
2024/8/13, 44, 20, , 6, , 
2024/8/14, 42, 18, , 6, , 
2024/8/15, 36, 17, , 7, , 
2024/8/16, 34, 14, , 4, , 
2024/8/17, 29, 18, , 4, , 
2024/8/18, 40, 16, , 5, , 
2024/8/19, 34, 17, , 7, , 
2024/8/20, 38, 20, , 7, , 
2024/8/21, 45, 17, , 8, , 
2024/8/22, 36, 20, , 7, , 
2024/8/23, 39, 32, , 8, , 
2024/8/24, 69, 27, , 7, , 
2024/8/25, 61, 21, , 6, , 
2024/8/26, 46, 16, , 7, , 
2024/8/27, 35, 17, , 7, , 
2024/8/28, 38, 18, , 6, , 
2024/8/29, 36, 19, , 8, , 
2024/8/30, 41, 15, , 6, , 
2024/8/31, 33, 16, , 4, , 
2024/9/1, 36, 22, , 7, , 
2024/9/2, 51, 16, , 6, , 
2024/9/3, 39, 16, , 8, , 
2024/9/4, 35, 20, , 6, , 
2024/9/5, 41, 20, , 4, , 
2024/9/6, 45, 26, , 6, , 
2024/9/7, 54, 23, , 4, , 
2024/9/8, 49, 26, , 6, , 
2024/9/9, 53, 34, , 6, , 
2024/9/10, 66, 27, , 6, , 
2024/9/11, 56, 24, , 7, , 
2024/9/12, 51, 27, , 8, , 
2024/9/13, 56, 27, , 6, , 
2024/9/14, 58, 26, , 5, , 
2024/9/15, 55, 43, , 5, , 
2024/9/16, 75, 41, , 9, , 
2024/9/17, 77, 30, , 9, , 
2024/9/18, 66, 31, , 7, , 
2024/9/19, 72, 19, , 8, , 
2024/9/20, 44, 35, , 13, , 
2024/9/21, 76, 27, , 6, , 
2024/9/22, 61, 29, , 11, , 
2024/9/23, 62, 26, , 11, , 
2024/9/24, 57, 33, , 14, , 
2024/9/25, 74, 36, , 13, , 
2024/9/26, 75, 47, , 14, , 
2024/9/27, 104, 38, , 14, , 
2024/9/28, 85, 26, , 4, , 
2024/9/29, 66, 18, , 5, , 
2024/9/30, 42, 22, , 8, , 
2024/4/1, 110, 48, , 3, , 
2024/4/2, 101, 49, , 3, , 
2024/4/3, 106, 40, , 3, , 
2024/4/4, 85, 35, , 3, , 
2024/4/5, 76, 34, , 1, , 
2024/4/6, 75, 37, , 2, , 
2024/4/7, 66, 30, , 2, , 
2024/4/8, 67, 26, , 5, , 
2024/4/9, 56, 54, , 5, , 
2024/4/10, 107, 67, , 6, , 
2024/4/11, 150, 46, , , , 
2024/4/12, 99, 43, , 2, , 
2024/4/13, 91, 41, , 2, , 
2024/4/14, 89, 38, , , , 
2024/4/15, 87, 32, , , , 
2024/4/16, 76, 32, , 1, , 
2024/4/17, 75, 35, , 4, , 
2024/4/18, 79, 42, , 5, , 
2024/4/19, 95, 52, , 5, , 
2024/4/20, 116, 55, , 3, , 
2024/4/21, 113, 48, , 1, , 
2024/4/22, 98, 40, , 2, , 
2024/4/23, 85, 30, , 2, , 
2024/4/24, 68, 23, , 3, , 
2024/4/25, 52, 25, , 3, , 
2024/4/26, 57, 34, , 4, , 
2024/4/27, 72, 24, , , , 
2024/4/28, 55, 24, , 2, , 
2024/4/29, 53, 41, , 4, , 
2024/4/30, 89, 50, , 2, , 
2024/5/1, 114, 52, , 2, , 
2024/5/2, 108, 46, , 2, , 
2024/5/3, 97, 44, , 1, , 
2024/5/4, 94, 51, , 2, , 
2024/5/5, 106, 49, , 1, , 
2024/5/6, 102, 35, , 12, , 
2024/5/7, 76, 38, , 12, , 
2024/5/8, 79, 33, , 11, , 
2024/5/9, 75, 26, , 6, , 
2024/5/10, 60, 31, , 6, , 
2024/5/11, 71, 46, , 4, , 
2024/5/12, 99, 32, , 6, , 
2024/5/13, 71, 38, , 7, , 
2024/5/14, 82, 51, , 10, , 
2024/5/15, 110, 37, , 7, , 
2024/5/16, 81, 25, , 3, , 
2024/5/17, 57, 27, , 5, , 
2024/5/18, 61, 20, , 3, , 
2024/5/19, 44, 28, , 7, , 
2024/5/20, 64, 25, , 5, , 
2024/5/21, 54, 29, , 4, , 
2024/5/22, 67, 22, , 6, , 
2024/5/23, 47, 17, , 5, , 
2024/5/24, 37, 21, , 3, , 
2024/5/25, 37, 17, , 2, , 
2024/5/26, 32, 25, , 4, , 
2024/5/27, 48, 31, , 3, , 
2024/5/28, 54, 29, , 4, , 
2024/5/29, 58, 18, , 3, , 
2024/5/30, 36, 20, , 3, , 
2024/5/31, 46, 16, , 3, , 
2024/6/1, 30, 17, , 1, , 
2024/6/2, 35, 23, , 3, , 
2024/6/3, 48, 29, , 4, , 
2024/6/4, 57, 20, , 2, , 
2024/6/5, 40, 20, , 1, , 
2024/6/6, 41, 24, , 3, , 
2024/6/7, 51, 27, , 2, , 
2024/6/8, 55, 16, , 1, , 
2024/6/9, 31, 15, , 3, , 
2024/6/10, 27, 18, , 3, , 
2024/6/11, 37, 18, , 3, , 
2024/6/12, 36, 27, , 3, , 
2024/6/13, 57, 25, , 2, , 
2024/6/14, 52, 24, , 2, , 
2024/6/15, 50, 21, , , , 
2024/6/16, 43, 21, , 3, , 
2024/6/17, 46, 24, , 4, , 
2024/6/18, 53, 23, , 4, , 
2024/6/19, 52, 19, , 3, , 
2024/6/20, 40, 17, , 2, , 
2024/6/21, 34, 13, , 2, , 
2024/6/22, 25, 16, , 2, , 
2024/6/23, 34, 16, , 3, , 
2024/6/24, 35, 16, , 2, , 
2024/6/25, 34, 24, , 8, , 
2024/6/26, 53, 29, , 6, , 
2024/6/27, 64, 23, , 4, , 
2024/6/28, 52, 23, , 3, , 
2024/6/29, 52, 21, , 2, , 
2024/6/30, 48, 17, , 1, , 
2024/1/1, 126, 58, , 12, , 
2024/1/2, 122, 54, , 15, , 
2024/1/3, 116, 59, , 15, , 
2024/1/4, 117, 64, , 16, , 
2024/1/5, 129, 68, , 13, , 
2024/1/6, 137, 67, , 13, , 
2024/1/7, 136, 75, , 20, 1, 
2024/1/8, 156, 82, , 24, , 
2024/1/9, 165, 73, , 13, , 
2024/1/10, 160, 61, , 13, , 
2024/1/11, 142, 49, , 9, , 
2024/1/12, 110, 53, , 7, , 
2024/1/13, 120, 67, , 7, , 
2024/1/14, 140, 67, , 11, 1, 
2024/1/15, 133, 68, , 14, 1, 
2024/1/16, 137, 69, , 14, , 
2024/1/17, 145, 72, , 16, 1, 
2024/1/18, 149, 66, , 21, , 
2024/1/19, 132, 63, , 15, , 
2024/1/20, 138, 50, , 12, , 
2024/1/21, 110, 55, , 15, , 
2024/1/22, 119, 66, , 11, , 
2024/1/23, 144, 53, , 8, , 
2024/1/24, 89, 47, , 10, , 
2024/1/25, 80, 52, , 8, , 
2024/1/26, 101, 59, , 8, 1, 
2024/1/27, 127, 64, , 11, , 
2024/1/28, 139, 58, , 11, , 
2024/1/29, 117, 74, , 13, , 
2024/1/30, 159, 67, , 10, 1, 
2024/1/31, 155, 51, , 11, , 
2024/2/1, 114, 35, , 7, 1, 
2024/2/2, 79, 35, , 5, , 
2024/2/3, 77, 36, , 6, , 
2024/2/4, 81, 45, , 12, , 
2024/2/5, 103, 41, , 7, , 
2024/2/6, 93, 36, , 7, , 
2024/2/7, 81, 32, , 5, , 
2024/2/8, 72, 30, , 5, , 
2024/2/9, 69, 44, , 8, , 
2024/2/10, 96, 63, , 4, , 
2024/2/11, 127, 70, , 11, , 
2024/2/12, 149, 76, , 16, , 
2024/2/13, 154, 80, , 16, , 
2024/2/14, 163, 69, , 12, , 
2024/2/15, 154, 48, , 6, , 
2024/2/16, 106, 36, , 5, , 
2024/2/17, 82, 29, , 1, , 
2024/2/18, 63, 26, , 2, , 
2024/2/19, 57, 22, , 2, , 
2024/2/20, 50, 22, , 2, , 
2024/2/21, 54, 23, , 2, , 
2024/2/22, 56, 24, , 3, 12, 
2024/2/23, 59, 26, , 1, , 
2024/2/24, 63, 28, , 1, , 
2024/2/25, 67, 38, , 3, , 
2024/2/26, 89, 48, , 5, , 
2024/2/27, 111, 35, , 4, , 
2024/2/28, 78, 30, , 2, , 
2024/2/29, 66, 34, , 2, , 
2024/3/1, 73, 36, , 3, , 
2024/3/2, 82, 37, , 6, , 
2024/3/3, 85, 37, , 3, , 
2024/3/4, 80, 32, , 4, , 
2024/3/5, 69, 35, , 5, , 
2024/3/6, 78, 38, , 5, , 
2024/3/7, 84, 31, , 2, , 
2024/3/8, 70, 30, , 1, , 
2024/3/9, 70, 25, , 2, , 
2024/3/10, 58, 43, , 3, , 
2024/3/11, 95, 40, , 4, , 
2024/3/12, 86, 34, , 2, , 
2024/3/13, 75, 31, , 3, , 
2024/3/14, 68, 30, , 3, , 
2024/3/15, 66, 28, , 3, , 
2024/3/16, 64, 30, , 3, , 
2024/3/17, 70, 34, , 3, , 
2024/3/18, 78, 38, , 4, , 
2024/3/19, 83, 46, , 9, , 
2024/3/20, 94, 56, , 10, , 
2024/3/21, 117, 59, , 9, , 
2024/3/22, 136, 29, , 2, , 
2024/3/23, 66, 35, , 1, , 
2024/3/24, 79, 36, , 4, , 
2024/3/25, 82, 35, , 2, , 
2024/3/26, 73, 36, , 5, , 
2024/3/27, 77, 32, , 3, , 
2024/3/28, 71, 37, , 1, , 
2024/3/29, 80, 28, , 2, , 
2024/3/30, 63, 29, , 1, , 
2024/3/31, 67, 60, , 6, , 
2023/10/1, 38, 19, , 6, , 
2023/10/2, 37, 18, , 5, , 
2023/10/3, 38, 19, , 9, , 
2023/10/4, 43, 25, , 8, , 
2023/10/5, 56, 19, , 7, 2, 
2023/10/6, 42, 19, , 5, , 
2023/10/7, 38, 19, , 5, , 
2023/10/8, 37, 36, , 5, , 
2023/10/9, 72, 35, , 10, , 
2023/10/10, 77, 26, , 9, , 
2023/10/11, 54, 28, , 8, , 
2023/10/12, 57, 36, , 8, , 
2023/10/13, 74, 30, , 6, 1, 
2023/10/14, 61, 32, , 6, , 
2023/10/15, 65, 38, , 8, 1, 
2023/10/16, 80, 62, , 11, , 
2023/10/17, 125, 54, , 12, , 
2023/10/18, 120, 45, , 12, , 
2023/10/19, 97, 55, , 13, , 
2023/10/20, 119, 34, , 8, , 
2023/10/21, 73, 24, , 6, , 
2023/10/22, 55, 42, , 8, , 
2023/10/23, 89, 49, , 13, , 
2023/10/24, 102, 40, , 11, , 
2023/10/25, 81, 29, , 9, , 
2023/10/26, 63, 34, , 12, , 
2023/10/27, 78, 37, , 15, , 
2023/10/28, 81, 45, , 10, , 
2023/10/29, 95, 32, , 10, , 
2023/10/30, 65, 25, , 9, , 
2023/10/31, 46, 39, , 10, , 
2023/11/1, 73, 53, , 13, , 
2023/11/2, 107, 56, , 13, 1, 
2023/11/3, 121, 59, , 16, , 
2023/11/4, 129, 34, , 11, , 
2023/11/5, 71, 35, , 10, , 
2023/11/6, 68, 24, , 8, , 
2023/11/7, 55, 35, , 14, , 
2023/11/8, 73, 31, , 12, , 
2023/11/9, 65, 34, , 10, , 
2023/11/10, 69, 31, , 9, , 
2023/11/11, 63, 29, , 8, , 
2023/11/12, 60, 37, , 10, , 
2023/11/13, 67, 38, , 9, , 
2023/11/14, 69, 30, , 9, , 
2023/11/15, 55, 34, , 9, , 
2023/11/16, 64, 32, , 8, , 
2023/11/17, 53, 58, , 12, 1, 
2023/11/18, 95, 62, , 14, 1, 
2023/11/19, 113, 64, , 16, , 
2023/11/20, 117, 64, , 13, 1, 
2023/11/21, 126, 72, , 13, 1, 
2023/11/22, 145, 60, , 13, 2, 
2023/11/23, 120, 58, , 11, , 
2023/11/24, 110, 51, , 10, , 
2023/11/25, 89, 54, , 11, , 
2023/11/26, 108, 34, , 10, , 
2023/11/27, 67, 65, , 15, , 
2023/11/28, 128, 71, , 18, 1, 
2023/11/29, 142, 62, , 13, , 
2023/11/30, 127, 46, , 11, , 
2023/12/1, 89, 32, , 8, , 
2023/12/2, 65, 40, , 9, , 
2023/12/3, 72, 37, , 8, , 
2023/12/4, 75, 45, , 8, , 
2023/12/5, 93, 45, , 11, , 
2023/12/6, 93, 25, , 6, 1, 
2023/12/7, 52, 44, , 11, , 
2023/12/8, 87, 63, , 13, , 
2023/12/9, 133, 71, , 11, , 
2023/12/10, 152, 57, , 11, , 
2023/12/11, 127, 65, , 17, 1, 
2023/12/12, 134, 59, , 12, 1, 
2023/12/13, 121, 51, , 12, , 
2023/12/14, 101, 66, , 17, 1, 
2023/12/15, 132, 62, , 18, , 
2023/12/16, 124, 51, , 11, , 
2023/12/17, 99, 56, , 12, 1, 
2023/12/18, 90, 60, , 16, , 
2023/12/19, 113, 59, , 16, , 
2023/12/20, 107, 45, , 10, , 
2023/12/21, 70, 55, , 10, , 
2023/12/22, 88, 64, , 11, 1, 
2023/12/23, 106, 63, , 10, 1, 
2023/12/24, 110, 67, , 13, 1, 
2023/12/25, 128, 75, , 17, 1, 
2023/12/26, 149, 72, , 18, 1, 
2023/12/27, 137, 68, , 15, , 
2023/12/28, 129, 72, , 11, 1, 
2023/12/29, 138, 68, , 6, 1, 
2023/12/30, 137, 60, , 6, 1, 
2023/12/31, 127, 57, , 8, 1, 
2023/7/1, 44, 14, , 4, , 
2023/7/2, 23, 18, , 7, , 
2023/7/3, 34, 29, , 8, , 
2023/7/4, 54, 30, , 11, , 
2023/7/5, 59, 21, , 7, , 
2023/7/6, 40, 25, , 6, , 
2023/7/7, 49, 22, , 6, , 
2023/7/8, 45, 19, , 8, , 
2023/7/9, 44, 17, , 7, , 
2023/7/10, 36, 17, , 7, , 
2023/7/11, 34, 22, , 6, , 
2023/7/12, 47, 24, , 4, 3, 
2023/7/13, 47, 23, , 3, 2, 
2023/7/14, 43, 35, , 3, , 
2023/7/15, 63, 34, , 2, , 
2023/7/16, 60, 15, , 2, , 
2023/7/17, 28, 19, , 2, , 
2023/7/18, 35, 26, , 5, , 
2023/7/19, 52, 26, , 5, , 
2023/7/20, 53, 29, , 5, , 
2023/7/21, 57, 22, , 6, , 
2023/7/22, 48, 19, , 5, , 
2023/7/23, 38, 22, , 6, 4, 
2023/7/24, 42, 23, , 5, , 
2023/7/25, 40, 23, , 3, , 
2023/7/26, 42, 24, , 2, , 
2023/7/27, 42, 19, , 2, , 
2023/7/28, 35, 22, , 4, 1, 
2023/7/29, 43, 22, , 4, , 
2023/7/30, 46, 24, , 3, , 
2023/7/31, 47, 30, , 3, , 
2023/8/1, 55, 37, , 5, , 
2023/8/2, 64, 33, , 7, , 
2023/8/3, 60, 31, , 7, , 
2023/8/4, 56, 32, , 5, , 
2023/8/5, 59, 29, , 4, 1, 
2023/8/6, 57, 28, , 6, , 
2023/8/7, 53, 28, , 6, 1, 
2023/8/8, 52, 33, , 6, , 
2023/8/9, 61, 27, , 5, , 
2023/8/10, 53, 25, , 5, 2, 
2023/8/11, 50, 37, , 4, , 
2023/8/12, 63, 32, , 2, , 
2023/8/13, 58, 31, , 4, , 
2023/8/14, 55, 30, , 5, , 
2023/8/15, 52, 23, , 6, , 
2023/8/16, 47, 32, , 7, 1, 
2023/8/17, 55, 33, , 4, 1, 
2023/8/18, 57, 40, , 3, , 
2023/8/19, 69, 32, , 5, , 
2023/8/20, 61, 24, , 9, , 
2023/8/21, 50, 23, , 7, , 
2023/8/22, 47, 21, , 8, , 
2023/8/23, 42, 21, , 7, , 
2023/8/24, 42, 21, , 5, , 
2023/8/25, 43, 26, , 5, , 
2023/8/26, 49, 25, , 5, , 
2023/8/27, 51, 24, , 4, 1, 
2023/8/28, 48, 23, , 6, 1, 
2023/8/29, 49, 26, , 8, 1, 
2023/8/30, 53, 39, , 7, 2, 
2023/8/31, 67, 29, , 6, , 
2023/9/1, 56, 39, , 5, , 
2023/9/2, 66, 28, , 3, , 
2023/9/3, 56, 19, , 5, , 
2023/9/4, 43, 14, , 3, , 
2023/9/5, 25, 18, , 5, , 
2023/9/6, 38, 23, , 5, , 
2023/9/7, 46, 17, , 3, , 
2023/9/8, 35, 16, , 4, , 
2023/9/9, 33, 14, , 4, , 
2023/9/10, 30, 16, , 5, , 
2023/9/11, 29, 17, , 5, , 
2023/9/12, 35, 21, , 7, , 
2023/9/13, 43, 19, , 5, , 
2023/9/14, 38, 16, , 5, , 
2023/9/15, 32, 15, , 4, , 
2023/9/16, 31, 16, , 4, , 
2023/9/17, 31, 18, , 7, , 
2023/9/18, 40, 25, , 7, , 
2023/9/19, 54, 30, , 7, , 
2023/9/20, 60, 15, , 5, , 
2023/9/21, 32, 22, , 7, , 
2023/9/22, 47, 23, , 9, , 
2023/9/23, 55, 30, , 10, , 
2023/9/24, 68, 33, , 14, , 
2023/9/25, 71, 26, , 6, , 
2023/9/26, 56, 20, , 6, , 
2023/9/27, 44, 15, , 7, , 
2023/9/28, 26, 17, , 4, , 
2023/9/29, 36, 20, , 6, , 
2023/9/30, 43, 19, , 5, , 
2023/4/1, 69, 34, , 2, , 
2023/4/2, 80, 44, , 7, , 
2023/4/3, 99, 50, , 5, , 
2023/4/4, 112, 57, , 8, 1, 
2023/4/5, 129, 53, , 5, , 
2023/4/6, 124, 39, , 10, 1, 
2023/4/7, 79, 27, , 5, , 
2023/4/8, 62, 36, , 6, , 
2023/4/9, 78, 27, , 5, , 
2023/4/10, 63, 41, , 7, 4, 
2023/4/11, 100, 44, , 5, 13, 
2023/4/12, 104, 49, , 3, , 
2023/4/13, 113, 56, , 3, , 
2023/4/14, 126, 62, , 4, , 
2023/4/15, 139, 60, , 5, , 
2023/4/16, 135, 57, , 6, 1, 
2023/4/17, 126, 53, , 4, , 
2023/4/18, 112, 54, , 3, , 
2023/4/19, 120, 56, , 5, , 
2023/4/20, 120, 64, , 5, 2, 
2023/4/21, 138, 61, , 1, , 
2023/4/22, 131, 44, , , , 
2023/4/23, 94, 39, , 6, , 
2023/4/24, 75, 40, , 6, , 
2023/4/25, 75, 29, , 9, , 
2023/4/26, 62, 54, , 11, , 
2023/4/27, 110, 41, , 9, , 
2023/4/28, 82, 40, , 2, , 
2023/4/29, 85, 28, , 7, , 
2023/4/30, 60, 42, , 6, , 
2023/5/1, 87, 38, , 7, , 
2023/5/2, 76, 27, , 4, , 
2023/5/3, 61, 21, , 1, , 
2023/5/4, 47, 25, , 2, 3, 
2023/5/5, 57, 32, , 3, , 
2023/5/6, 67, 29, , 3, , 
2023/5/7, 62, 29, , 5, , 
2023/5/8, 64, 30, , 7, , 
2023/5/9, 66, 24, , 7, , 
2023/5/10, 59, 28, , 11, , 
2023/5/11, 61, 23, , 7, , 
2023/5/12, 47, 26, , 5, , 
2023/5/13, 53, 25, , 2, , 
2023/5/14, 53, 39, , 5, , 
2023/5/15, 80, 45, , 6, , 
2023/5/16, 89, 45, , 3, , 
2023/5/17, 85, 42, , 4, , 
2023/5/18, 78, 45, , 3, , 
2023/5/19, 82, 44, , 2, , 
2023/5/20, 82, 45, , 2, , 
2023/5/21, 82, 39, , 3, , 
2023/5/22, 73, 38, , 4, , 
2023/5/23, 71, 38, , 5, , 
2023/5/24, 69, 43, , 5, , 
2023/5/25, 76, 48, , 4, 3, 
2023/5/26, 80, 43, , 2, , 
2023/5/27, 76, 30, , 5, , 
2023/5/28, 61, 25, , 4, , 
2023/5/29, 62, 19, , 5, , 
2023/5/30, 46, 28, , 7, , 
2023/5/31, 58, 39, , 3, , 
2023/6/1, 71, 36, , 4, , 
2023/6/2, 68, 33, , 3, , 
2023/6/3, 65, 19, , 2, , 
2023/6/4, 42, 24, , 3, , 
2023/6/5, 50, 33, , 6, 1, 
2023/6/6, 66, 27, , 4, , 
2023/6/7, 59, 24, , 6, 1, 
2023/6/8, 53, 22, , 5, , 
2023/6/9, 48, 22, , 2, , 
2023/6/10, 47, 25, , 3, , 
2023/6/11, 48, 24, , 5, 1, 
2023/6/12, 51, 21, , 5, , 
2023/6/13, 43, 18, , 5, , 
2023/6/14, 35, 22, , 6, , 
2023/6/15, 42, 23, , 5, , 
2023/6/16, 48, 20, , 5, , 
2023/6/17, 41, 21, , 6, , 
2023/6/18, 43, 23, , 7, , 
2023/6/19, 45, 22, , 5, , 
2023/6/20, 45, 28, , 5, , 
2023/6/21, 53, 29, , 7, , 
2023/6/22, 53, 29, , 4, , 
2023/6/23, 52, 20, , 4, , 
2023/6/24, 33, 23, , 3, , 
2023/6/25, 41, 21, , 3, , 
2023/6/26, 35, 18, , 4, , 
2023/6/27, 32, 24, , 4, , 
2023/6/28, 48, 26, , 6, , 
2023/6/29, 51, 21, , 5, , 
2023/6/30, 41, 19, , 6, , 
2023/1/2, 100, , , 8, , 
2023/1/3, 91, , , 11, 1, 
2023/1/4, 70, , , 14, 1, 
2023/1/5, 79, , , 11, 1, 
2023/1/6, 67, , , 8, , 
2023/1/7, 66, , , 11, , 
2023/1/8, 118, , , 9, 1, 
2023/1/9, 127, , , 9, 1, 
2023/1/10, 111, , , 6, , 
2023/1/11, 50, , , 12, , 
2023/1/12, 67, , , 14, , 
2023/1/13, 87, , , 8, , 
2023/1/14, 71, , , 5, , 
2023/1/15, 82, , , 15, , 
2023/1/16, 91, , , 12, , 
2023/1/17, 90, , , 10, , 
2023/1/18, 89, , , 12, , 
2023/1/19, 85, , , 14, 1, 
2023/1/20, 99, , , 15, 1, 
2023/1/21, 106, , , , , 
2023/1/22, 138, , , , , 
2023/1/23, 145, , , , , 
2023/1/24, 133, , , 23, 1, 
2023/1/25, 84, , , 18, , 
2023/1/26, 129, , , 21, , 
2023/1/27, 141, , , 13, , 
2023/1/28, 87, , , 11, , 
2023/1/29, 96, , , 13, , 
2023/1/30, 115, , , 15, 1, 
2023/1/31, 155, , , 23, 2, 
2023/2/1, 169, , , 22, 1, 
2023/2/2, 170, , , 9, , 
2023/2/3, 110, , , 4, , 
2023/2/4, 87, , , 5, , 
2023/2/5, 70, , , 8, , 
2023/2/6, 71, , , 6, , 
2023/2/7, 70, , , 6, , 
2023/2/8, 80, , , 4, , 
2023/2/9, 63, , , 5, , 
2023/2/10, 62, , , 3, , 
2023/2/11, 62, , , 3, , 
2023/2/12, 67, , , 5, , 
2023/2/13, 75, , , 7, , 
2023/2/14, 98, , , 9, , 
2023/2/15, 100, , , 8, , 
2023/2/16, 107, , , 9, 1, 
2023/2/17, 132, , , 7, 1, 
2023/2/18, 154, , , 7, 1, 
2023/2/19, 166, , , 8, , 
2023/2/20, 137, , , 9, , 
2023/2/21, 134, , , 10, 1, 
2023/2/22, 151, , , 14, 1, 
2023/2/23, 162, , , 16, 1, 
2023/2/24, 171, , , 7, , 
2023/2/25, 157, , , 5, , 
2023/2/26, 130, , , 9, 1, 
2023/2/27, 145, , , 13, 1, 
2023/2/28, 169, , , 13, 1, 
2023/3/1, 170, 87, , 17, , 
2023/3/2, 166, 77, , 10, , 
2023/3/3, 154, 95, , 14, , 
2023/3/4, 172, 83, , 11, , 
2023/3/5, 163, 90, , 12, , 
2023/3/6, 171, 109, , 18, , 
2023/3/7, 187, 87, , 11, , 
2023/3/8, 171, 66, , 7, , 
2023/3/9, 151, 65, , 9, , 
2023/3/10, 144, 58, , 4, , 
2023/3/11, 127, 56, , 3, , 
2023/3/12, 119, 60, , 10, 1, 
2023/3/13, 132, 76, , 14, , 
2023/3/14, 146, 67, , 12, , 
2023/3/15, 145, 45, , 5, , 
2023/3/16, 91, 41, , 5, , 
2023/3/17, 83, 39, , 4, , 
2023/3/18, 79, 37, , 2, , 
2023/3/19, 78, 40, , 5, , 
2023/3/20, 85, 38, , 5, , 
2023/3/21, 81, 38, , 5, , 
2023/3/22, 83, 28, , 5, , 
2023/3/23, 65, 35, , 5, , 
2023/3/24, 77, 31, , 4, , 
2023/3/25, 73, 27, , 3, , 
2023/3/26, 65, 32, , 4, , 
2023/3/27, 71, 23, , 4, 2, 
2023/3/28, 53, 23, , 5, , 
2023/3/29, 48, 36, , 6, , 
2023/3/30, 79, 29, , 4, , 
2023/3/31, 65, 30, , 3, , 
2022/10/1, 40, , , 7, , 
2022/10/2, 33, , , 10, , 
2022/10/3, 27, , , 9, , 
2022/10/4, 27, , , 10, , 
2022/10/5, 53, , , 10, , 
2022/10/6, 52, , , 10, 1, 
2022/10/7, 40, , , 8, , 
2022/10/8, 35, , , 6, , 
2022/10/9, 35, , , 8, , 
2022/10/10, 33, , , 10, , 
2022/10/11, 38, , , 11, , 
2022/10/12, 68, , , 12, , 
2022/10/13, 75, , , 12, , 
2022/10/14, 87, , , 11, , 
2022/10/15, 90, , , 8, , 
2022/10/16, 70, , , 10, 1, 
2022/10/17, 93, , , 18, , 
2022/10/18, 118, , , 16, , 
2022/10/19, 130, , , 10, , 
2022/10/20, 115, , , 11, , 
2022/10/21, 86, , , 9, , 
2022/10/22, 80, , , 8, , 
2022/10/23, 64, , , 11, , 
2022/10/24, 99, , , 13, , 
2022/10/25, 110, , , 14, , 
2022/10/26, 91, , , 9, 1, 
2022/10/27, 55, , , 12, , 
2022/10/28, 58, , , 8, , 
2022/10/29, 63, , , 9, , 
2022/10/30, 87, , , 13, , 
2022/10/31, 104, , , 11, , 
2022/11/1, 102, , , 14, , 
2022/11/2, 96, , , 16, , 
2022/11/3, 79, , , 17, , 
2022/11/4, 77, , , 15, , 
2022/11/5, 97, , , 9, 1, 
2022/11/6, 101, , , 16, , 
2022/11/7, 108, , , 16, , 
2022/11/8, 116, , , 17, , 
2022/11/9, 99, , , 15, , 
2022/11/10, 93, , , 11, 2, 
2022/11/11, 89, , , 8, 1, 
2022/11/12, 83, , , 9, , 
2022/11/13, 86, , , 9, , 
2022/11/14, 61, , , 9, , 
2022/11/15, 50, , , 13, 1, 
2022/11/16, 56, , , 12, 1, 
2022/11/17, 65, , , 13, , 
2022/11/18, 60, , , 11, , 
2022/11/19, 66, , , 10, , 
2022/11/20, 66, , , 11, , 
2022/11/21, 63, , , 12, , 
2022/11/22, 93, 14, , 15, , 
2022/11/23, 80, 1, , 9, , 
2022/11/24, 54, , , 9, , 
2022/11/25, 45, , , 10, , 
2022/11/26, 48, , , 13, , 
2022/11/27, 65, , , 15, , 
2022/11/28, 66, , , 16, , 
2022/11/29, 72, , , 15, , 
2022/11/30, 83, , , 11, , 
2022/12/1, 51, , , 11, , 
2022/12/2, 63, , , 13, , 
2022/12/3, 55, , , 14, , 
2022/12/4, 60, , , 10, , 
2022/12/5, 65, , , 9, , 
2022/12/6, 50, , , 14, , 
2022/12/7, 75, , , 17, , 
2022/12/8, 65, , , 15, , 
2022/12/9, 69, , , 13, 1, 
2022/12/10, 85, , , 14, , 
2022/12/11, 77, , , 10, , 
2022/12/12, 81, , , 11, , 
2022/12/13, 82, , , 16, , 
2022/12/14, 114, , , 18, 1, 
2022/12/15, 103, , , 14, 1, 
2022/12/16, 122, , , 12, 1, 
2022/12/17, 116, , , 7, , 
2022/12/18, 69, , , 12, , 
2022/12/19, 85, , , 15, 1, 
2022/12/20, 105, , , 13, 2, 
2022/12/21, 115, , , 17, 1, 
2022/12/22, 120, , , 18, 1, 
2022/12/23, 110, , , 8, , 
2022/12/24, 96, , , 8, , 
2022/12/25, 88, , , 16, 1, 
2022/12/26, 102, , , 15, 1, 
2022/12/27, 98, , , 17, , 
2022/12/28, 106, , , 16, , 
2022/12/29, 110, , , 7, , 
2022/12/30, 82, , , 8, 1, 
2022/12/31, 85, , , 10, , 
2023/1/1, 98, , , 9, , 
2022/7/1, 23, , , 5, , 
2022/7/2, 40, , , 4, , 
2022/7/3, 41, , , 5, , 
2022/7/4, 37, , , 4, , 
2022/7/5, 33, , , 5, , 
2022/7/6, 33, , , 6, , 
2022/7/7, 36, , , 5, , 
2022/7/8, 29, , , 5, , 
2022/7/9, 34, , , 4, , 
2022/7/10, 39, , , 3, , 
2022/7/11, 32, , , 4, , 
2022/7/12, 38, , , 3, , 
2022/7/13, 33, , , 4, , 
2022/7/14, 40, , , 5, 1, 
2022/7/15, 55, , , 5, , 
2022/7/16, 47, , , 4, , 
2022/7/17, 29, , , 4, , 
2022/7/18, 41, , , 3, , 
2022/7/19, 38, , , 4, , 
2022/7/20, 32, , , 9, , 
2022/7/21, 33, , , 6, , 
2022/7/22, 31, , , 8, , 
2022/7/23, 39, , , 9, , 
2022/7/24, 45, , , 9, , 
2022/7/25, 40, , , 8, , 
2022/7/26, 56, , , 8, , 
2022/7/27, 44, , , 8, , 
2022/7/28, 41, , , 5, , 
2022/7/29, 43, , , 3, , 
2022/7/30, 33, , , 4, , 
2022/7/31, 29, , , 10, , 
2022/8/1, 34, , , 7, , 
2022/8/2, 24, , , 6, , 
2022/8/3, 29, , , 5, , 
2022/8/4, 28, , , 7, , 
2022/8/5, 82, , , 5, , 
2022/8/6, 73, , , 3, , 
2022/8/7, 38, , , 5, , 
2022/8/8, 99, , , 5, , 
2022/8/9, 88, , , 4, , 
2022/8/10, 42, , , 6, , 
2022/8/11, 33, , , 5, , 
2022/8/12, 40, , , 5, , 
2022/8/13, 38, , , 3, , 
2022/8/14, 32, , , 4, , 
2022/8/15, 32, , , 6, , 
2022/8/16, 24, , , 7, , 
2022/8/17, 38, , , 5, , 
2022/8/18, 36, , , 6, , 
2022/8/19, 41, , , 4, , 
2022/8/20, 36, , , 4, , 
2022/8/21, 37, , , 6, , 
2022/8/22, 40, , , 6, , 
2022/8/23, 46, , , 5, , 
2022/8/24, 44, , , 7, , 
2022/8/25, 33, , , 7, , 
2022/8/26, 36, , , 7, , 
2022/8/27, 32, , , 8, , 
2022/8/28, 35, , , 10, , 
2022/8/29, 51, , , 13, , 
2022/8/30, 61, , , 16, , 
2022/8/31, 69, , , 16, , 
2022/9/1, 60, , , 14, , 
2022/9/2, 81, , , 11, , 
2022/9/3, 59, , , 5, , 
2022/9/4, 40, , , 11, , 
2022/9/5, 31, , , 7, , 
2022/9/6, 28, , , 6, , 
2022/9/7, 21, , , 7, , 
2022/9/8, 31, , , 9, , 
2022/9/9, 35, , , 4, , 
2022/9/10, 25, , , 6, 1, 
2022/9/11, 45, , , 10, , 
2022/9/12, 41, , , 14, , 
2022/9/13, 55, , , 7, , 
2022/9/14, 42, , , 6, , 
2022/9/15, 28, , , 4, , 
2022/9/16, 31, , , 4, , 
2022/9/17, 37, , , 5, , 
2022/9/18, 38, , , 4, , 
2022/9/19, 28, , , 3, , 
2022/9/20, 35, , , 5, , 
2022/9/21, 39, , , 8, 2, 
2022/9/22, 36, , , 11, , 
2022/9/23, 54, , , 11, , 
2022/9/24, 46, , , 11, , 
2022/9/25, 45, , , 11, , 
2022/9/26, 37, , , 7, , 
2022/9/27, 42, , , 4, , 
2022/9/28, 29, , , 7, , 
2022/9/29, 32, , , 7, 1, 
2022/9/30, 42, , , 6, , 
2022/4/1, 82, , , 6, , 
2022/4/2, 36, , , 7, , 
2022/4/3, 35, , , 11, , 
2022/4/4, 85, , , 18, , 
2022/4/5, 90, , , 16, , 
2022/4/6, 110, , , 12, , 
2022/4/7, 106, , , 13, , 
2022/4/8, 139, , , 16, , 
2022/4/9, 154, , , 9, , 
2022/4/10, 147, , , 5, , 
2022/4/11, 118, , , 5, , 
2022/4/12, 115, , , 3, , 
2022/4/13, 97, , , 2, , 
2022/4/14, 91, , , 2, , 
2022/4/15, 93, , , 2, , 
2022/4/16, 89, , , 4, , 
2022/4/17, 78, , , 11, , 
2022/4/18, 72, , , 9, , 
2022/4/19, 75, , , 11, , 
2022/4/20, 102, , , 7, , 
2022/4/21, 79, , , 7, , 
2022/4/22, 57, , , 3, , 
2022/4/23, 43, , , 4, , 
2022/4/24, 51, , , 4, , 
2022/4/25, 43, , , 6, , 
2022/4/26, 44, , , 7, , 
2022/4/27, 57, , , 5, , 
2022/4/28, 59, , , 7, , 
2022/4/29, 40, , , 14, , 
2022/4/30, 78, , , 7, , 
2022/5/1, 60, , , 7, , 
2022/5/2, 47, , , 8, , 
2022/5/3, 40, , , 12, 1, 
2022/5/4, 60, , , 10, , 
2022/5/5, 59, , , 15, , 
2022/5/6, 79, , , 10, , 
2022/5/7, 49, , , 10, , 
2022/5/8, 57, , , 11, 4, 
2022/5/9, 53, , , 8, , 
2022/5/10, 40, , , 7, , 
2022/5/11, 34, , , 8, , 
2022/5/12, 48, , , 4, , 
2022/5/13, 54, , , 6, , 
2022/5/14, 69, , , 3, , 
2022/5/15, 62, , , 4, , 
2022/5/16, 43, , , 9, , 
2022/5/17, 41, , , 10, 2, 
2022/5/18, 38, , , 7, , 
2022/5/19, 33, , , 4, , 
2022/5/20, 25, , , 3, , 
2022/5/21, 23, , , 4, , 
2022/5/22, 35, , , 5, , 
2022/5/23, 37, , , 5, , 
2022/5/24, 44, , , 7, 1, 
2022/5/25, 50, , , 4, , 
2022/5/26, 40, , , 5, , 
2022/5/27, 50, , , 6, 1, 
2022/5/28, 67, , , , 1, 
2022/5/29, 75, , , 5, , 
2022/5/30, 60, , , 7, , 
2022/5/31, 60, , , 9, , 
2022/6/1, 68, , , 8, , 
2022/6/2, 58, , , 4, , 
2022/6/3, 32, , , 5, , 
2022/6/4, 21, , , 4, , 
2022/6/5, 33, , , 4, , 
2022/6/6, 26, , , 6, , 
2022/6/7, 32, , , 7, 1, 
2022/6/8, 28, , , 7, , 
2022/6/9, 47, , , 7, , 
2022/6/10, 50, , , 6, , 
2022/6/11, 44, , , 5, , 
2022/6/12, 52, , , 9, , 
2022/6/13, 52, , , 8, 1, 
2022/6/14, 62, , , 8, , 
2022/6/15, 46, , , 9, , 
2022/6/16, 49, , , 9, , 
2022/6/17, 50, , , 5, , 
2022/6/18, 32, , , 2, , 
2022/6/19, 28, , , 4, , 
2022/6/20, 22, , , 5, , 
2022/6/21, 26, , , 6, , 
2022/6/22, 29, , , 6, , 
2022/6/23, 37, , , 5, , 
2022/6/24, 36, , , 11, , 
2022/6/25, 40, , , 4, , 
2022/6/26, 24, , , 9, , 
2022/6/27, 40, , , 7, , 
2022/6/28, 40, , , 7, , 
2022/6/29, 43, , , 5, , 
2022/6/30, 31, , , 4, , 
2022/1/3, 65, , , , , 
2022/1/4, 79, , , , , 
2022/1/5, 85, , , , , 
2022/1/6, 103, , , , , 
2022/1/7, 95, , , , , 
2022/1/8, 85, , , , , 
2022/1/9, 98, , , , , 
2022/1/10, 98, , , , , 
2022/1/11, 96, , 3, , , 
2022/1/12, 91, , 1, , , 
2022/1/13, 78, , 1, , , 
2022/1/14, 68, , , , , 
2022/1/15, 94, , , , , 
2022/1/16, 85, , , , , 
2022/1/17, 120, , , , , 
2022/1/18, 90, , , , , 
2022/1/19, 65, , , , , 
2022/1/20, 76, , , , , 
2022/1/21, 49, , , , , 
2022/1/22, 45, , 1, , , 
2022/1/23, 57, , , , , 
2022/1/24, 66, , , , , 
2022/1/25, 72, , 2, , , 
2022/1/26, 84, , 15, , , 
2022/1/27, 83, , 3, , , 
2022/1/28, 85, , 1, , , 
2022/1/29, 73, , 1, , , 
2022/1/30, 63, , 1, , , 
2022/1/31, 60, , 4, , , 
2022/2/1, 57, , 6, , , 
2022/2/2, 43, , , , , 
2022/2/3, 57, , , , , 
2022/2/4, 62, , , , , 
2022/2/5, 78, , , , , 
2022/2/6, 106, , , , , 
2022/2/7, 131, , 4, , , 
2022/2/8, 133, , 5, , , 
2022/2/9, 97, , 5, , , 
2022/2/10, 71, , 3, , , 
2022/2/11, 58, , , , , 
2022/2/12, 90, , , , , 
2022/2/13, 89, , 7, , , 
2022/2/14, 65, , 2, , , 
2022/2/15, 70, , , , , 
2022/2/16, 102, , , , , 
2022/2/17, 83, , , , , 
2022/2/18, 42, , , , , 
2022/2/19, 31, , , , , 
2022/2/20, 27, , , , , 
2022/2/21, 48, , , , , 
2022/2/22, 74, , , , , 
2022/2/23, 100, , , , , 
2022/2/24, 93, , , , , 
2022/2/25, 109, , , , , 
2022/2/26, 113, , , , , 
2022/2/27, 127, , , , , 
2022/2/28, 135, , , , , 
2022/3/1, 99, , , , , 
2022/3/2, 79, , , , , 
2022/3/3, 68, , , , , 
2022/3/4, 70, , , , , 
2022/3/5, 76, , , , , 
2022/3/6, 69, , , , , 
2022/3/7, 65, , , , , 
2022/3/9, 116, , , , , 
2022/3/10, 82, , , , , 
2022/3/11, 72, , , , , 
2022/3/12, 80, , , , , 
2022/3/13, 85, , , , , 
2022/3/14, 77, , , , , 
2022/3/15, 54, , , 4, , 
2022/3/16, 49, , , 5, , 
2022/3/17, 55, , , 6, , 
2022/3/18, 61, , , 6, , 
2022/3/19, 74, , , 9, , 
2022/3/20, 58, , , 7, , 
2022/3/21, 39, , , , , 
2022/3/22, 37, , , , , 
2022/3/23, 61, , , , , 
2022/3/24, 58, , , , , 
2022/3/25, 52, , , , , 
2022/3/26, 47, , , , , 
2022/3/27, 45, , , , , 
2022/3/28, 54, , , 7, , 
2022/3/29, 56, , , 8, , 
2022/3/30, 63, , , 8, , 
2022/3/31, 88, , , 8, , 
2021/10/1, 49, 8, 8, , , 
2021/10/2, 34, 10, 16, , , 
2021/10/3, 39, 14, 13, , , 
2021/10/4, 50, 18, 17, , , 
2021/10/5, 51, 19, 12, , , 
2021/10/6, 30, 23, 40, , , 
2021/10/7, 43, 28, 21, , , 
2021/10/8, 67, 42, 11, , , 
2021/10/9, 65, 35, 10, , , 
2021/10/10, 33, 18, 7, , , 
2021/10/11, 25, 20, 8, , , 
2021/10/12, 30, 18, 11, , , 
2021/10/13, 22, 18, 9, , , 
2021/10/14, 28, 19, 9, , , 
2021/10/15, 33, 20, 5, , , 
2021/10/16, 32, 19, 11, , , 
2021/10/17, 28, 19, 13, , , 
2021/10/18, 31, 26, 14, , , 
2021/10/19, 46, 27, 21, , , 
2021/10/20, 51, 25, 22, , , 
2021/10/21, 59, 23, 14, , , 
2021/10/22, 47, 22, 9, , , 
2021/10/23, 33, 24, 17, , , 
2021/10/24, 42, 25, 21, , , 
2021/10/25, 51, 30, 28, , , 
2021/10/26, 63, 31, 19, , , 
2021/10/27, 67, 29, 11, , , 
2021/10/28, 65, 28, 15, , , 
2021/10/29, 59, 28, 43, , , 
2021/10/30, 56, 22, 21, , , 
2021/10/31, 38, 23, 14, , , 
2021/11/1, 45, 26, 14, , , 
2021/11/2, 49, 24, 18, , , 
2021/11/3, 47, 25, 18, , , 
2021/11/4, 53, 56, 26, , , 
2021/11/5, 51, 25, 17, , , 
2021/11/6, 78, 14, 22, , , 
2021/11/7, 44, 16, 12, , , 
2021/11/8, 66, 14, 16, , , 
2021/11/9, 40, 15, 26, , , 
2021/11/10, 50, 37, 22, , , 
2021/11/11, 65, 46, 20, , , 
2021/11/12, 65, 44, 13, , , 
2021/11/13, 65, 59, 2, , , 
2021/11/14, 87, , 4, , , 
2021/11/15, 71, , , , , 
2021/11/16, 58, , , , , 
2021/11/17, 49, , , , , 
2021/11/18, 55, , , , , 
2021/11/19, 51, , , , , 
2021/11/20, 65, , 1, , , 
2021/11/21, 80, , 1, , , 
2021/11/22, 54, , , , , 
2021/11/23, 38, , , , , 
2021/11/24, 50, , 1, , , 
2021/11/25, 64, , 1, , , 
2021/11/26, 69, , , , , 
2021/11/27, 67, , , , , 
2021/11/28, 76, , 1, , , 
2021/11/29, 64, , 10, , , 
2021/11/30, 70, , 6, , , 
2021/12/1, 85, , 9, , , 
2021/12/2, 80, , 2, , , 
2021/12/3, 80, , 2, , , 
2021/12/4, 81, , 9, , , 
2021/12/5, 84, , 1, , , 
2021/12/6, 91, , , , , 
2021/12/7, 100, , , , , 
2021/12/8, 102, , , , , 
2021/12/9, 74, , 1, , , 
2021/12/10, 71, , 1, , , 
2021/12/11, 79, , 1, , , 
2021/12/12, 72, , 1, , , 
2021/12/13, 60, , 1, , , 
2021/12/14, 92, , 1, , , 
2021/12/15, 100, , 1, , , 
2021/12/16, 111, , 1, , , 
2021/12/17, 94, , , , , 
2021/12/18, 71, , , , , 
2021/12/19, 70, , , , , 
2021/12/20, 101, , , , , 
2021/12/21, 138, , , , , 
2021/12/22, 136, , , , , 
2021/12/23, 119, , , , , 
2021/12/24, 99, , , , , 
2021/12/25, 59, , , , , 
2021/12/26, 56, , , , , 
2021/12/27, 71, , , , , 
2021/12/28, 51, , , , , 
2021/12/29, 52, , , , , 
2021/12/30, 56, , , , , 
2021/12/31, 56, , , , , 
2022/1/1, 57, , , , , 
2022/1/2, 59, , , , , 
2021/7/1, 26, 12, 10, , , 
2021/7/2, 25, 11, 8, , , 
2021/7/3, 18, 14, 7, , , 
2021/7/4, 23, 14, 10, , , 
2021/7/5, 27, 14, 3, , , 
2021/7/6, 28, 12, 1, , , 
2021/7/7, 18, 11, 3, , , 
2021/7/8, 21, 16, 3, , , 
2021/7/9, 30, 18, 5, , , 
2021/7/10, 34, 12, 5, , , 
2021/7/11, 17, 11, 6, , , 
2021/7/12, 17, 15, 15, , , 
2021/7/13, 30, 25, 1, , , 
2021/7/14, 49, 16, 8, , , 
2021/7/15, 36, 15, 4, , , 
2021/7/16, 36, 14, 4, , , 
2021/7/17, 31, 11, , , , 
2021/7/18, 19, 8, , , , 
2021/7/19, 13, 10, 2, , , 
2021/7/20, 19, 9, 3, , , 
2021/7/21, 18, 16, 2, , , 
2021/7/22, 33, 15, 2, , , 
2021/7/23, 32, 17, 1, , , 
2021/7/24, 38, 12, 1, , , 
2021/7/25, 28, 15, 5, , , 
2021/7/26, 35, 10, 3, , , 
2021/7/27, 24, 13, 8, , , 
2021/7/28, 21, 13, 36, , , 
2021/7/29, 26, 15, 4, , , 
2021/7/30, 33, 17, 2, , , 
2021/7/31, 38, 13, 3, , , 
2021/8/1, 30, 14, 4, , , 
2021/8/2, 32, 12, 4, , , 
2021/8/3, 28, 14, 6, , , 
2021/8/4, 37, 15, 4, , , 
2021/8/5, 35, 15, 5, , , 
2021/8/6, 32, 15, 7, , , 
2021/8/7, 35, 16, 5, , , 
2021/8/8, 39, 15, 5, , , 
2021/8/9, 33, 15, 5, , , 
2021/8/10, 29, 14, 5, , , 
2021/8/11, 34, 9, 3, , , 
2021/8/12, 14, 10, 6, , , 
2021/8/13, 17, 12, 2, , , 
2021/8/14, 28, 9, 9, , , 
2021/8/15, 23, 10, 13, , , 
2021/8/16, 21, 15, , , , 
2021/8/17, 33, 14, , , , 
2021/8/18, 31, 37, , , , 
2021/8/19, 44, 20, , , , 
2021/8/20, 41, 18, , , , 
2021/8/21, 39, 16, , , , 
2021/8/22, 29, 13, , , , 
2021/8/23, 21, 12, 7, , , 
2021/8/24, 21, 14, 4, , , 
2021/8/25, 23, 23, 3, , , 
2021/8/26, 27, 15, 2, , , 
2021/8/27, 31, 13, 2, , , 
2021/8/28, 22, 11, 8, , , 
2021/8/29, 18, 18, 7, , , 
2021/8/30, 29, 24, 9, , , 
2021/8/31, 47, 22, 18, , , 
2021/9/1, 48, 14, 11, , , 
2021/9/2, 29, 13, 5, , , 
2021/9/3, 22, 15, 39, , , 
2021/9/4, 28, 15, 1, , , 
2021/9/5, 26, 21, 13, , , 
2021/9/6, 38, 20, 7, , , 
2021/9/7, 37, 12, 8, , , 
2021/9/8, 29, 22, 2, , , 
2021/9/9, 34, 17, 2, , , 
2021/9/10, 34, 15, 4, , , 
2021/9/11, 28, 14, 5, , , 
2021/9/12, 26, 16, 7, , , 
2021/9/13, 29, 19, 6, , , 
2021/9/14, 44, 14, 3, , , 
2021/9/15, 26, 15, 2, , , 
2021/9/16, 22, 15, 39, , , 
2021/9/17, 23, 76, 20, , , 
2021/9/18, 52, 63, 13, , , 
2021/9/19, 41, 10, 12, , , 
2021/9/20, 38, 6, 7, , , 
2021/9/21, 28, 5, 3, , , 
2021/9/22, 20, 8, 6, , , 
2021/9/23, 33, 7, 6, , , 
2021/9/24, 28, 7, 1, , , 
2021/9/25, 23, 6, 19, , , 
2021/9/26, 17, 9, 10, , , 
2021/9/27, 35, 13, 8, , , 
2021/9/28, 46, 19, 17, , , 
2021/9/29, 67, 13, 12, , , 
2021/9/30, 52, 10, 7, , , 
2021/4/1, 55, 14, 11, , , 
2021/4/2, 28, 21, 23, , , 
2021/4/3, 41, 30, 8, , , 
2021/4/4, 39, 40, 7, , , 
2021/4/5, 65, 42, 9, , , 
2021/4/6, 72, 71, 19, , , 
2021/4/7, 66, 29, 24, , , 
2021/4/8, 61, 31, 16, , , 
2021/4/9, 64, 39, 20, , , 
2021/4/10, 75, 31, 25, , , 
2021/4/11, 68, 29, 23, , , 
2021/4/12, 60, 24, 18, , , 
2021/4/13, 56, 20, 16, , , 
2021/4/14, 47, 29, 27, , , 
2021/4/15, 62, 19, 15, , , 
2021/4/16, 48, 20, 22, , , 
2021/4/17, 45, 23, 14, , , 
2021/4/18, 44, 17, 11, , , 
2021/4/19, 29, 24, 20, , , 
2021/4/20, 38, 15, 12, , , 
2021/4/21, 41, 32, 6, , , 
2021/4/22, 66, 34, 29, , , 
2021/4/23, 57, 33, 13, , , 
2021/4/24, 58, 33, 11, , , 
2021/4/25, 57, 32, 11, , , 
2021/4/26, 55, 34, 8, , , 
2021/4/27, 56, 66, 14, , , 
2021/4/28, 61, 24, 11, , , 
2021/4/29, 49, 29, 11, , , 
2021/4/30, 54, 18, 15, , , 
2021/5/1, 40, 46, 18, , , 
2021/5/2, 57, 26, 16, , , 
2021/5/3, 61, 27, 20, , , 
2021/5/4, 66, 29, 28, , , 
2021/5/5, 66, 23, 16, , , 
2021/5/6, 53, 18, 26, , , 
2021/5/7, 35, 21, 29, , , 
2021/5/8, 53, 20, 21, , , 
2021/5/9, 52, 24, 25, , , 
2021/5/10, 52, 17, 13, , , 
2021/5/11, 46, 15, 11, , , 
2021/5/12, 39, 18, 8, , , 
2021/5/13, 32, 18, 7, , , 
2021/5/14, 43, 20, 9, , , 
2021/5/15, 40, 17, 3, , , 
2021/5/16, 37, 18, 7, , , 
2021/5/17, 39, 14, 6, , , 
2021/5/18, 24, 19, 5, , , 
2021/5/19, 40, 17, 6, , , 
2021/5/20, 35, 9, 3, , , 
2021/5/21, 23, 11, 5, , , 
2021/5/22, 22, 12, 3, , , 
2021/5/23, 24, 22, , , , 
2021/5/24, 27, 14, 1, , , 
2021/5/25, 29, 18, 6, , , 
2021/5/26, 35, 22, 11, , , 
2021/5/27, 44, 17, 3, , , 
2021/5/28, 34, 14, 4, , , 
2021/5/29, 25, 11, 6, , , 
2021/5/30, 18, 14, 7, , , 
2021/5/31, 27, 14, 9, , , 
2021/6/1, 34, 17, 9, , , 
2021/6/2, 36, 17, 10, , , 
2021/6/3, 35, 16, 6, , , 
2021/6/4, 32, 17, 1, , , 
2021/6/5, 29, 14, 1, , , 
2021/6/6, 23, 13, 2, , , 
2021/6/7, 21, 16, 7, , , 
2021/6/8, 20, 14, 5, , , 
2021/6/9, 19, 13, 5, , , 
2021/6/10, 23, 14, 2, , , 
2021/6/11, 30, 19, 4, , , 
2021/6/12, 40, 23, 4, , , 
2021/6/13, 42, 21, 3, , , 
2021/6/14, 38, 13, 1, , , 
2021/6/15, 26, 14, 2, , , 
2021/6/16, 22, 21, 1, , , 
2021/6/17, 36, 230, 5, , , 
2021/6/18, 31, 16, 6, , , 
2021/6/19, 33, 22, 5, , , 
2021/6/20, 35, 33, 5, , , 
2021/6/21, 52, 50, 5, , , 
2021/6/22, 60, 44, 6, , , 
2021/6/23, 45, 18, 6, , , 
2021/6/24, 29, 20, 8, , , 
2021/6/25, 39, 18, 4, , , 
2021/6/26, 34, 16, 6, , , 
2021/6/27, 27, 17, 10, , , 
2021/6/28, 27, 18, 6, , , 
2021/6/29, 34, 15, 8, , , 
2021/6/30, 33, 13, 10, , , 
2021/1/4, 80, 39, 36, , , 
2021/1/5, 87, 42, 40, , , 
2021/1/6, 112, 32, 50, , , 
2021/1/7, 78, 31, 26, , , 
2021/1/8, 64, 33, 33, , , 
2021/1/9, 65, 34, 39, , , 
2021/1/10, 75, 34, 28, , , 
2021/1/11, 79, 40, 24, , , 
2021/1/12, 75, 45, 36, , , 
2021/1/13, 115, 55, 61, , , 
2021/1/14, 149, 55, 46, , , 
2021/1/15, 139, 52, 53, , , 
2021/1/16, 122, 42, 32, , , 
2021/1/17, 97, 35, 32, , , 
2021/1/18, 74, 45, 39, , , 
2021/1/19, 105, 52, 45, , , 
2021/1/20, 133, 43, 36, , , 
2021/1/21, 129, 66, 62, , , 
2021/1/22, 144, 79, 63, , , 
2021/1/23, 140, 51, 50, , , 
2021/1/24, 73, 69, 62, , , 
2021/1/25, 67, 51, , , , 
2021/1/26, 70, 54, 20, , , 
2021/1/27, 77, 54, 9, , , 
2021/1/28, 76, 58, 15, , , 
2021/1/29, 88, 61, 26, , , 
2021/1/30, 95, 63, 30, , , 
2021/1/31, 100, 77, 33, , , 
2021/2/1, 130, 70, 27, , , 
2021/2/2, 113, 79, 27, , , 
2021/2/3, 111, 210, 25, , , 
2021/2/4, 119, 144, 32, , , 
2021/2/5, 111, 75, 27, 18, , 
2021/2/6, 115, 78, 39, 16, , 
2021/2/7, 132, 57, 20, 5, , 
2021/2/8, 76, 64, 26, 8, , 
2021/2/9, 92, 55, 26, 10, , 
2021/2/10, 71, 56, 31, 15, , 
2021/2/11, 73, 60, 32, 17, , 
2021/2/12, 80, 86, 16, 11, , 
2021/2/13, 105, 55, 5, 6, , 
2021/2/14, 70, 52, 13, 6, , 
2021/2/15, 67, 55, 16, 5, , 
2021/2/16, 72, 59, 14, 8, , 
2021/2/17, 81, 57, 9, 9, , 
2021/2/18, 110, 56, 16, 10, , 
2021/2/19, 90, 55, 22, 13, , 
2021/2/20, 90, 67, 29, 15, , 
2021/2/21, 130, 73, 19, 8, , 
2021/2/22, 113, 57, 21, 6, , 
2021/2/23, 91, 56, 11, 6, , 
2021/2/24, 96, 68, 24, 8, , 
2021/2/25, 98, 62, 23, 6, , 
2021/2/26, 116, 58, 23, 5, , 
2021/2/27, 108, 57, 9, 2, , 
2021/2/28, 100, 45, 12, 4, , 
2021/3/1, 71, 34, 11, 4, , 
2021/3/2, 47, 33, 7, 2, , 
2021/3/3, 35, 63, 19, 4, , 
2021/3/4, 54, 53, 17, 3, , 
2021/3/5, 55, 40, 30, 3, , 
2021/3/6, 56, 42, 27, 1, , 
2021/3/7, 57, 42, 23, 5, , 
2021/3/8, 65, 35, 15, 8, , 
2021/3/9, 69, 39, 10, 9, , 
2021/3/10, 77, 39, 23, 12, , 
2021/3/11, 83, 39, 20, 8, , 
2021/3/12, 77, 39, 20, 7, , 
2021/3/13, 77, 38, 21, 2, , 
2021/3/14, 69, 38, 14, , , 
2021/3/15, 65, 38, 15, , , 
2021/3/16, 73, 40, 14, , , 
2021/3/17, 75, 40, 19, , , 
2021/3/18, 92, 40, 21, , , 
2021/3/19, 80, 39, 18, , , 
2021/3/20, 81, 37, 17, , , 
2021/3/21, 69, 43, 12, , , 
2021/3/22, 108, 60, 29, , , 
2021/3/23, 89, 71, 37, , , 
2021/3/24, 112, 66, 32, , , 
2021/3/25, 95, 54, 21, , , 
2021/3/26, 55, 52, 12, , , 
2021/3/27, 49, 52, 16, , , 
2021/3/28, 53, 51, 17, , , 
2021/3/29, 46, 56, 23, , , 
2021/3/30, 58, 49, 21, , , 
2021/3/31, 69, 31, 19, , , 
2020/10/1, 23, 13, , , , 
2020/10/2, 24, 19, , , , 
2020/10/3, 40, 13, , , , 
2020/10/4, 27, 22, , , , 
2020/10/5, 50, 23, , , , 
2020/10/6, 45, 25, , , , 
2020/10/7, 50, 15, , , , 
2020/10/8, 33, 17, , , , 
2020/10/9, 39, 18, , , , 
2020/10/10, 35, 25, , , , 
2020/10/11, 48, 33, , , , 
2020/10/12, 61, 24, , , , 
2020/10/13, 52, 21, , , , 
2020/10/14, 43, 16, , , , 
2020/10/15, 31, 17, , , , 
2020/10/16, 34, 11, , , , 
2020/10/17, 24, 12, , , , 
2020/10/18, 24, 20, , , , 
2020/10/19, 34, 22, , , , 
2020/10/20, 36, 22, , , , 
2020/10/21, 37, 27, , , , 
2020/10/22, 48, 34, , , , 
2020/10/23, 66, 45, , , , 
2020/10/24, 76, 39, , , , 
2020/10/25, 98, 26, , , , 
2020/10/26, 87, 41, , , , 
2020/10/27, 73, 32, , , , 
2020/10/28, 62, 20, 6, , , 
2020/10/29, 45, 20, 10, , , 
2020/10/30, 38, 25, 10, , , 
2020/10/31, 50, 22, 8, , , 
2020/11/1, 40, 34, 18, , , 
2020/11/2, 60, 31, 20, , , 
2020/11/3, 61, 35, 13, , , 
2020/11/4, 71, 36, , , , 
2020/11/5, 72, 40, , , , 
2020/11/6, 73, 28, , , , 
2020/11/7, 58, 43, , , , 
2020/11/8, 84, 39, , , , 
2020/11/9, 84, 46, , , , 
2020/11/10, 87, 40, , , , 
2020/11/11, 78, 33, , , , 
2020/11/12, 69, 47, , , , 
2020/11/13, 88, 55, , , , 
2020/11/14, 108, 54, , , , 
2020/11/15, 106, 26, , , , 
2020/11/16, 54, 41, , , , 
2020/11/17, 71, 44, , , , 
2020/11/18, 85, 49, , , , 
2020/11/19, 97, 47, , , , 
2020/11/20, 91, 34, , , , 
2020/11/21, 61, 24, , , , 
2020/11/22, 52, 44, , , , 
2020/11/23, 70, 34, , , , 
2020/11/24, 57, 39, 17, , , 
2020/11/25, 60, 41, 27, , , 
2020/11/26, 60, 31, 24, , , 
2020/11/27, 48, 45, 35, , , 
2020/11/28, 66, 37, 38, , , 
2020/11/29, 59, 32, 34, , , 
2020/11/30, 53, 36, 34, , , 
2020/12/1, 57, 29, 38, , , 
2020/12/2, 49, 32, 40, , , 
2020/12/3, 58, 73, 42, , , 
2020/12/4, 68, 80, 31, , , 
2020/12/5, 68, 44, 19, , , 
2020/12/6, 72, 53, 20, , , 
2020/12/7, 88, 47, 19, , , 
2020/12/8, 78, 51, 20, , , 
2020/12/9, 91, 58, 22, , , 
2020/12/10, 111, 61, 23, , , 
2020/12/11, 122, 59, 24, , , 
2020/12/12, 115, 61, 18, , , 
2020/12/13, 110, 63, 16, , , 
2020/12/14, 118, 67, 7, , , 
2020/12/15, 128, 79, , , , 
2020/12/16, 91, 47, , , , 
2020/12/17, 72, 49, , , , 
2020/12/18, 76, 42, , , , 
2020/12/19, 66, 40, , , , 
2020/12/20, 56, 31, 24, , , 
2020/12/21, 59, 30, 26, , , 
2020/12/22, 81, 38, 30, , , 
2020/12/23, 98, 39, 36, , , 
2020/12/24, 97, 37, 16, , , 
2020/12/25, 90, 40, 24, , , 
2020/12/26, 97, 35, 27, , , 
2020/12/27, 82, 31, 11, , , 
2020/12/28, 66, 33, 6, , , 
2020/12/29, 71, 40, 21, , , 
2020/12/30, 80, 27, 38, , , 
2020/12/31, 57, 29, 38, , , 
2021/1/1, 65, 29, 39, , , 
2021/1/2, 65, 36, 47, , , 
2021/1/3, 91, 34, 38, , , 
2020/7/1, 27, 18, , 6, , 
2020/7/2, 26, 18, , 6, , 
2020/7/3, 34, 23, , 7, , 
2020/7/4, 40, 16, , 4, , 
2020/7/5, 30, 16, , 3, , 
2020/7/6, 25, 19, , 1, , 
2020/7/7, 33, 21, , , , 
2020/7/8, 36, 15, , , , 
2020/7/9, 28, 15, , , , 
2020/7/10, 23, 19, , , , 
2020/7/11, 32, 16, , , , 
2020/7/12, 30, 16, , , , 
2020/7/13, 25, 21, , , , 
2020/7/14, 28, 19, , , , 
2020/7/15, 28, 126, , , , 
2020/7/16, 20, 22, , , , 
2020/7/17, 32, 24, , , , 
2020/7/18, 38, 16, , , , 
2020/7/19, 25, 33, , , , 
2020/7/20, 52, 26, , , , 
2020/7/21, 44, 103, , , , 
2020/7/22, 48, 25, , , , 
2020/7/23, 42, 107, , , , 
2020/7/24, 31, 12, , , , 
2020/7/25, 29, 19, , , , 
2020/7/26, 41, 19, , , , 
2020/7/27, 18, 17, , , , 
2020/7/28, 25, 19, 11, 6, , 
2020/7/29, 27, 15, 12, 6, , 
2020/7/30, 20, 15, 13, 5, , 
2020/7/31, 20, 10, 8, 5, , 
2020/8/1, 17, 11, 6, 4, , 
2020/8/2, 19, 10, 6, 4, , 
2020/8/3, 16, 131, 7, 4, , 
2020/8/4, 20, 490, , , , 
2020/8/5, 25, 328, , , , 
2020/8/6, 31, 22, , , , 
2020/8/7, 33, 85, , , , 
2020/8/8, 29, 53, , , , 
2020/8/9, 29, 20, , , , 
2020/8/10, 29, 19, , , , 
2020/8/11, 27, , 5, 6, , 
2020/8/12, 26, , 9, 7, , 
2020/8/13, 29, 88, 5, 8, , 
2020/8/14, 35, 20, 7, 9, , 
2020/8/15, 41, 24, 13, 5, , 
2020/8/16, 45, 22, 13, 6, , 
2020/8/17, 43, 28, 11, 7, , 
2020/8/18, 52, 25, 10, 7, , 
2020/8/19, 50, 31, 17, 8, , 
2020/8/20, 61, 21, 8, 5, , 
2020/8/21, 41, 16, 9, 6, , 
2020/8/22, 34, 14, 9, 7, , 
2020/8/23, 29, 27, 11, 6, , 
2020/8/24, 39, 22, 12, , , 
2020/8/25, 45, 18, , , , 
2020/8/26, 37, 23, 6, 6, , 
2020/8/27, 44, 16, 9, 7, , 
2020/8/28, 34, 20, 23, 6, , 
2020/8/29, 43, 23, 20, 7, , 
2020/8/30, 45, 26, 12, 6, , 
2020/8/31, 42, 15, 13, 9, , 
2020/9/1, 30, 23, 16, 10, , 
2020/9/2, 43, 20, 21, 10, , 
2020/9/3, 39, 21, 12, 7, , 
2020/9/4, 44, 15, 21, 6, , 
2020/9/5, 34, 13, 18, 3, , 
2020/9/6, 22, 12, 12, 5, , 
2020/9/7, 24, 18, 17, 8, , 
2020/9/8, 35, 24, 18, 10, , 
2020/9/9, 45, 22, 21, 8, , 
2020/9/10, 37, 20, , , , 
2020/9/11, 34, 21, , , , 
2020/9/12, 38, 16, 7, 6, , 
2020/9/13, 35, 16, 7, 7, , 
2020/9/14, 28, 16, 11, 9, , 
2020/9/15, 30, 21, 16, 6, , 
2020/9/16, 36, 14, 12, 5, , 
2020/9/17, 30, 19, 5, 8, , 
2020/9/18, 40, 10, 5, 4, , 
2020/9/19, 18, 11, , 8, , 
2020/9/20, 17, 24, , 13, , 
2020/9/21, 43, 26, , 17, , 
2020/9/22, 48, 34, , 17, , 
2020/9/23, 57, 12, , 10, , 
2020/9/24, 24, 14, , 11, , 
2020/9/25, 26, 13, , 7, , 
2020/9/26, 26, 16, , , , 
2020/9/27, 30, 17, , , , 
2020/9/28, 32, 13, , , , 
2020/9/29, 25, 14, , , , 
2020/9/30, 25, 12, , , , 
2020/4/1, 69, 32, , , , 
2020/4/2, 62, 29, 12, , , 
2020/4/3, 56, 31, 18, , , 
2020/4/4, 52, 33, 16, , , 
2020/4/5, 55, 31, 16, , , 
2020/4/6, 48, 34, 13, , , 
2020/4/7, 62, 31, 13, , , 
2020/4/8, 51, 32, 16, , , 
2020/4/9, 53, 32, 17, , , 
2020/4/10, 62, 38, 23, , , 
2020/4/11, 61, 29, , , , 
2020/4/12, 51, 38, , , , 
2020/4/13, 66, 44, , , , 
2020/4/14, 72, 84, 1, 8, , 
2020/4/15, 70, 27, , 4, , 
2020/4/16, 46, 26, , 3, , 
2020/4/17, 40, 28, , 4, , 
2020/4/18, 44, 22, , 1, , 
2020/4/19, 34, 26, , 2, , 
2020/4/20, 40, 24, , 3, , 
2020/4/21, 37, 29, , , , 
2020/4/22, 55, 34, , , , 
2020/4/23, 57, 40, , , , 
2020/4/24, 66, 40, , , , 
2020/4/25, 67, 43, , , , 
2020/4/26, 72, 48, , , , 
2020/4/27, 92, 41, , , , 
2020/4/28, 70, 48, , , , 
2020/4/29, 83, 40, 25, 6, , 
2020/4/30, 62, 30, 20, 2, , 
2020/5/1, 52, 29, 19, 2, , 
2020/5/2, 43, 30, 18, 2, , 
2020/5/3, 47, 31, 21, 4, , 
2020/5/4, 49, 34, 28, 4, , 
2020/5/5, 56, 34, 17, 3, , 
2020/5/6, 50, 28, 13, 3, , 
2020/5/7, 38, 30, 11, , , 
2020/5/8, 41, 19, 10, 3, , 
2020/5/9, 24, 20, 13, 1, , 
2020/5/10, 21, 24, 9, 7, , 
2020/5/11, 38, 34, 45, 9, , 
2020/5/12, 52, 24, 18, 2, , 
2020/5/13, 41, 28, 20, 3, , 
2020/5/14, 46, 29, 19, 2, , 
2020/5/15, 41, 25, , , , 
2020/5/16, 41, 25, , , , 
2020/5/17, 42, 24, , , , 
2020/5/18, 36, 24, , , , 
2020/5/19, 32, 26, , , , 
2020/5/20, 37, 33, , , , 
2020/5/21, 52, 37, 22, 6, , 
2020/5/22, 60, 44, 18, 4, , 
2020/5/23, 64, 44, 10, 5, , 
2020/5/24, 67, 37, 6, 7, , 
2020/5/25, 58, 39, 15, 7, , 
2020/5/26, 59, 25, 19, 6, , 
2020/5/27, 34, 17, 19, 5, , 
2020/5/28, 26, 24, 10, 6, , 
2020/5/29, 30, 21, 22, 5, , 
2020/5/30, 28, 17, 14, 5, , 
2020/5/31, 24, 23, 24, 4, , 
2020/6/1, 31, 15, 10, 4, , 
2020/6/2, 31, 17, , , , 
2020/6/3, 29, 26, , , , 
2020/6/4, 47, 23, 10, 6, , 
2020/6/5, 38, 25, 20, 4, , 
2020/6/6, 35, 17, 9, 2, , 
2020/6/7, 25, 19, 23, 5, , 
2020/6/8, 25, 20, 21, 5, , 
2020/6/9, 31, 19, 25, 4, , 
2020/6/10, 35, 24, 23, 5, , 
2020/6/11, 40, 19, 15, 4, , 
2020/6/12, 28, 17, 18, 3, , 
2020/6/13, 28, 20, 14, 2, , 
2020/6/14, 36, 18, 17, 5, , 
2020/6/15, 24, 20, 5, 5, , 
2020/6/16, 35, 19, 7, 7, , 
2020/6/17, 33, 24, 12, 7, , 
2020/6/18, 36, 20, 12, 7, , 
2020/6/19, 28, 18, 20, 5, , 
2020/6/20, 24, 20, , , , 
2020/6/21, 31, 21, 10, 7, , 
2020/6/22, 32, 25, 37, 8, , 
2020/6/23, 37, 20, 22, 7, , 
2020/6/24, 36, 19, 15, 5, , 
2020/6/25, 29, 15, 15, 5, , 
2020/6/26, 25, 14, 21, 5, , 
2020/6/27, 23, 14, 16, 4, , 
2020/6/28, 18, 14, 24, 4, , 
2020/6/29, 20, 17, 8, , , 
2020/6/30, 52, 16, , 6, , 
2020/1/1, 88, 44, 17, , , 
2020/1/2, 90, 49, 16, , , 
2020/1/3, 92, 49, 19, , , 
2020/1/4, 106, 56, 21, , , 
2020/1/5, 112, 58, 23, , , 
2020/1/6, 126, 64, 23, , , 
2020/1/7, 134, 63, 23, 18, 2, 
2020/1/8, 135, 71, 30, 18, 3, 
2020/1/9, 142, 80, 38, 23, 3, 
2020/1/10, 158, 62, 19, 13, 2, 
2020/1/11, 136, 58, 20, 9, 1, 
2020/1/12, 117, 52, 19, 11, 2, 
2020/1/13, 105, 53, 26, 9, 1, 
2020/1/14, 107, 58, 30, , 2, 
2020/1/15, 112, 59, 28, , 1, 
2020/1/16, 116, 63, 22, , 2, 
2020/1/17, 124, 71, 17, , 1, 
2020/1/18, 152, 63, 21, , 1, 
2020/1/19, 145, 70, 20, , 1, 
2020/1/20, 155, 66, 17, , 2, 
2020/1/21, 148, 61, 21, , , 
2020/1/22, 113, 54, 14, , , 
2020/1/23, 107, 43, 9, , , 
2020/1/24, 71, 39, 13, , , 
2020/1/25, 60, 30, 14, , , 
2020/1/26, 57, 35, 10, , , 
2020/1/27, 73, 42, 23, , , 
2020/1/28, 89, 46, 33, , , 
2020/1/29, 97, 53, 24, , , 
2020/1/30, 105, 61, 23, , , 
2020/1/31, 132, 70, 33, , 2, 
2020/2/1, 153, 75, 32, , 1, 
2020/2/2, 157, 70, 25, , 1, 
2020/2/3, 151, 60, 25, , , 
2020/2/4, 123, 52, 28, , 1, 
2020/2/5, 102, 45, 15, , 1, 
2020/2/6, 76, 57, 31, , 2, 
2020/2/7, 105, 60, 20, , , 
2020/2/8, 112, 65, 22, , , 
2020/2/9, 124, 65, 28, , , 
2020/2/10, 128, 63, 29, , , 
2020/2/11, 144, 53, 8, , , 
2020/2/12, 105, 28, 11, , , 
2020/2/13, 44, 28, 7, , , 
2020/2/14, 40, 34, 14, , , 
2020/2/15, 65, 27, 15, , , 
2020/2/16, 51, 36, 22, , , 
2020/2/17, 60, 57, 22, , , 
2020/2/18, 102, 67, 33, , , 
2020/2/19, 139, 72, 29, , , 
2020/2/20, 154, 68, 26, , , 
2020/2/21, 152, 88, 25, , , 
2020/2/22, 161, 73, 32, , , 
2020/2/23, 146, 71, 28, , , 
2020/2/24, 156, 75, 28, , , 
2020/2/25, 156, 64, 12, , , 
2020/2/26, 129, 66, 13, , , 
2020/2/27, 128, 43, 24, , , 
2020/2/28, 86, 41, 32, , , 
2020/2/29, 83, 78, 22, , , 
2020/3/1, 78, 43, 22, , , 
2020/3/2, 81, 33, 15, , , 
2020/3/3, 57, 64, 19, , , 
2020/3/4, 50, 34, 19, , , 
2020/3/5, 50, 31, 19, , , 
2020/3/6, 51, 35, 15, , , 
2020/3/7, 59, 44, 29, , , 
2020/3/8, 81, 49, 22, , , 
2020/3/9, 113, 47, 9, , , 
2020/3/10, 99, 48, , , , 
2020/3/11, 98, 41, , , , 
2020/3/12, 81, 36, , , , 
2020/3/13, 70, 40, 15, , , 
2020/3/14, 63, 34, 11, , , 
2020/3/15, 69, 51, 20, , , 
2020/3/16, 90, 39, 9, , , 
2020/3/17, 67, 40, 15, , , 
2020/3/18, 66, 40, 15, , , 
2020/3/19, 67, 35, 16, , , 
2020/3/20, 61, 37, 15, , , 
2020/3/21, 69, 31, 7, , , 
2020/3/22, 64, 32, , , , 
2020/3/23, 59, 29, , , , 
2020/3/24, 57, 30, , , , 
2020/3/25, 52, 25, , , , 
2020/3/26, 50, 29, , , , 
2020/3/27, 55, 39, , , , 
2020/3/28, 76, 36, , , , 
2020/3/29, 67, , , , , 
2019/10/1, 90, 37, 17, 10, , 
2019/10/2, 69, 41, 12, 8, , 
2019/10/3, 77, 38, 8, 20, 2, 
2019/10/4, 69, 40, 10, 14, 2, 
2019/10/5, 79, 35, 11, 11, 1, 
2019/10/6, 72, 31, 10, 13, 1, 
2019/10/7, 58, 31, 18, 13, 2, 
2019/10/8, 56, 39, 16, 16, 2, 
2019/10/9, 68, 42, 19, 11, 2, 
2019/10/10, 79, 40, 32, , , 
2019/10/11, 74, 35, 20, , , 
2019/10/12, 75, 35, 20, , , 
2019/10/13, 70, 25, 11, , , 
2019/10/14, 49, 34, 18, , , 
2019/10/15, 66, 36, 13, , , 
2019/10/16, 64, 36, 12, , , 
2019/10/17, 63, 50, 23, , , 
2019/10/18, 88, 47, 29, , 1, 
2019/10/19, 86, 44, 26, 12, 1, 
2019/10/20, 78, 52, 25, 15, 2, 
2019/10/21, 95, 58, 20, 19, 2, 
2019/10/22, 119, 46, 11, 10, 1, 
2019/10/23, 88, 82, 10, 8, 2, 
2019/10/24, 67, 49, 10, 11, 2, 
2019/10/25, 82, 47, 17, , , 
2019/10/26, 84, 32, 5, , , 
2019/10/27, 63, 30, 18, , , 
2019/10/28, 62, 34, 7, , , 
2019/10/29, 58, 38, 25, , , 
2019/10/30, 70, 44, 31, , , 
2019/10/31, 82, 22, 16, , , 
2019/11/1, 50, 31, 9, , , 
2019/11/2, 59, 35, 13, , , 
2019/11/3, 63, 40, 18, , , 
2019/11/4, 74, 58, 20, , , 
2019/11/5, 122, 54, 17, , , 
2019/11/6, 110, 54, 5, 16, 2, 
2019/11/7, 119, 54, 31, 14, 2, 
2019/11/8, 115, 53, 32, 15, 1, 
2019/11/9, 119, 58, 32, 12, 1, 
2019/11/10, 124, 66, 36, 20, 2, 
2019/11/11, 133, 60, 36, 22, 2, 
2019/11/12, 132, 47, 22, 17, 2, 
2019/11/13, 95, 41, 10, 15, 2, 
2019/11/14, 70, 48, 24, 17, 2, 
2019/11/15, 86, 51, 25, 18, 3, 
2019/11/16, 101, 54, 18, 14, 2, 
2019/11/17, 103, 51, 18, 18, 2, 
2019/11/18, 94, 52, 20, 19, 3, 
2019/11/19, 102, 37, 12, 13, 2, 
2019/11/20, 65, 40, 20, 16, 2, 
2019/11/21, 75, 47, 21, 18, 2, 
2019/11/22, 80, 80, 23, 21, 2, 
2019/11/23, 105, 52, 23, 21, 2, 
2019/11/24, 90, 60, 26, 24, 2, 
2019/11/25, 111, 48, 25, , , 
2019/11/26, 81, 49, 19, , , 
2019/11/27, 86, 41, 14, , , 
2019/11/28, 66, 47, 24, , , 
2019/11/29, 73, 41, 17, 21, 2, 
2019/11/30, 77, 48, 23, 16, 2, 
2019/12/1, 83, 41, 16, 12, 2, 
2019/12/2, 64, 44, 28, 14, 2, 
2019/12/3, 75, 51, 32, 17, 1, 
2019/12/4, 99, 55, 32, 15, 1, 
2019/12/5, 105, 60, 32, 17, 2, 
2019/12/6, 112, 59, 31, 17, 2, 
2019/12/7, 114, 61, 29, 17, 2, 
2019/12/8, 120, 66, 27, 19, 2, 
2019/12/9, 116, 71, 29, 17, 2, 
2019/12/10, 142, 84, 35, 22, 3, 
2019/12/11, 161, 72, 26, 22, 2, 
2019/12/12, 139, 74, 27, 22, 3, 
2019/12/13, 144, 68, 20, 16, 2, 
2019/12/14, 129, 71, 26, 16, 2, 
2019/12/15, 129, 62, 16, 16, 2, 
2019/12/16, 114, 66, 16, 19, 3, 
2019/12/17, 122, 53, 15, 18, 3, 
2019/12/18, 98, 59, 22, , , 
2019/12/19, 106, 59, 19, , , 
2019/12/20, 110, 60, 23, , , 
2019/12/21, 116, 52, 24, , , 
2019/12/22, 91, 50, 25, , , 
2019/12/23, 88, 55, 21, , , 
2019/12/24, 103, 52, 26, , , 
2019/12/25, 93, 51, 36, , , 
2019/12/26, 98, 58, 18, , , 
2019/12/27, 118, 55, 19, , , 
2019/12/28, 120, 54, 30, , , 
2019/12/29, 115, , , , , 
2019/7/1, 44, 32, 3, 1, 1, 
2019/7/2, 66, 24, 1, 2, 1, 
2019/7/3, 46, 27, 2, 3, 1, 
2019/7/4, 53, 26, , 4, 1, 
2019/7/5, 40, , 3, 3, 1, 
2019/7/6, 62, , 5, 2, 1, 
2019/7/7, 53, 156, 3, 2, 1, 
2019/7/8, 56, 33, 1, 2, 2, 
2019/7/9, 58, 30, 4, 2, 1, 
2019/7/10, 61, 32, 5, 2, 1, 
2019/7/11, 56, 29, 7, 1, 1, 
2019/7/12, 43, 28, 7, 1, 1, 
2019/7/13, 49, 22, 5, , 1, 
2019/7/14, 47, 19, 7, 1, 1, 
2019/7/15, 44, 17, 10, 1, 1, 
2019/7/16, 38, 18, 10, 1, 1, 
2019/7/17, 39, 18, 11, 1, 1, 
2019/7/18, 44, 20, 12, 1, 1, 
2019/7/19, 36, 23, 10, 2, 1, 
2019/7/20, 45, 13, 8, 1, 1, 
2019/7/21, 25, 22, 11, 2, 1, 
2019/7/22, 43, 25, 9, 2, , 
2019/7/23, 53, 28, 7, 2, , 
2019/7/24, 54, 24, 8, 1, , 
2019/7/25, 56, 28, 11, 2, , 
2019/7/26, 56, 26, 12, 1, 1, 
2019/7/27, 48, 24, 13, 1, 1, 
2019/7/28, 48, 17, 8, , 1, 
2019/7/29, 32, 21, 8, , 1, 
2019/7/30, 38, 21, 9, 1, 1, 
2019/7/31, 47, 21, 7, 1, 1, 
2019/8/1, 47, 20, 8, 1, 1, 
2019/8/2, 47, 19, 7, 1, 1, 
2019/8/3, 45, 16, 6, 1, 1, 
2019/8/4, 39, 19, 7, 2, 1, 
2019/8/5, 37, 21, 8, 2, 1, 
2019/8/6, 39, 24, 6, 1, 1, 
2019/8/7, 46, 18, 6, 1, 1, 
2019/8/8, 22, 20, 9, 3, 1, 
2019/8/9, 36, 18, 4, 5, 1, 
2019/8/10, 27, 16, 8, 3, 1, 
2019/8/11, 27, 17, 7, 3, , 
2019/8/12, 22, 22, 7, 6, , 
2019/8/13, 39, 31, 8, 6, , 
2019/8/14, 55, 27, 1, 4, , 
2019/8/15, 46, 28, 9, 5, , 
2019/8/16, 48, 23, 2, 4, 1, 
2019/8/17, 39, 20, 3, 4, 1, 
2019/8/18, 41, 24, 6, 4, 1, 
2019/8/19, 42, 22, 3, 5, 1, 
2019/8/20, 35, 20, 7, 5, 2, 
2019/8/21, 46, 24, 2, 5, 1, 
2019/8/22, 39, 31, 3, 6, 2, 
2019/8/23, 51, 21, 6, 5, 2, 
2019/8/24, 37, 18, 7, 4, 2, 
2019/8/25, 31, 15, 3, 4, 1, 
2019/8/26, 25, 18, 5, 4, 2, 
2019/8/27, 33, 19, 9, 4, 2, 
2019/8/28, 37, 18, 10, 3, 1, 
2019/8/29, 33, 23, 3, 7, 2, 
2019/8/30, 43, 18, 4, 5, 1, 
2019/8/31, 28, 18, 6, 5, 1, 
2019/9/1, 31, 23, 7, 4, 2, 
2019/9/2, 36, 19, 4, 4, 1, 
2019/9/3, 37, 23, 5, 5, 2, 
2019/9/4, 43, 22, 6, 5, 2, 
2019/9/5, 41, 23, 5, 5, 2, 
2019/9/6, 43, 27, 6, 4, 2, 
2019/9/7, 51, 22, 5, 3, 1, 
2019/9/8, 41, 22, 7, 4, 2, 
2019/9/9, 38, 23, 8, 4, 2, 
2019/9/10, 44, 23, 14, 4, 2, 
2019/9/11, 45, 22, 10, 4, 2, 
2019/9/12, 34, 17, 11, 2, 1, 
2019/9/13, 31, 18, 12, 4, 1, 
2019/9/14, 35, 25, 13, 6, 1, 
2019/9/15, 45, 29, 15, 7, 1, 
2019/9/16, 54, 34, 19, 6, 2, 
2019/9/17, 56, 27, 20, 7, 1, 
2019/9/18, 51, 24, 15, 6, , 
2019/9/19, 51, 36, 19, 8, 1, 
2019/9/20, 72, 22, 7, 7, 2, 
2019/9/21, 48, 27, 14, 5, 2, 
2019/9/22, 60, 16, 7, 5, , 
2019/9/23, 32, 22, 22, 7, 1, 
2019/9/24, 75, 53, 29, 10, 1, 
2019/9/25, 109, 54, 29, 11, 2, 
2019/9/26, 95, 49, 22, 9, 2, 
2019/9/27, 90, 60, 34, 12, 2, 
2019/9/28, 114, 66, 34, 10, 2, 
2019/9/29, 130, 72, 34, 11, 2, 
2019/9/30, 149, 46, 20, 8, , 
2019/4/1, 70, 47, 21, 8, 2, 
2019/4/2, 77, 44, 17, 8, 1, 
2019/4/3, 70, 47, 19, 11, 1, 
2019/4/4, 70, 40, 17, 7, 1, 
2019/4/5, 59, 47, 18, 7, 2, 
2019/4/6, 73, 39, 15, 6, 2, 
2019/4/7, 57, 44, 25, 7, 1, 
2019/4/8, 67, 37, 18, 6, 1, 
2019/4/9, 57, 41, 18, 6, 1, 
2019/4/10, 66, 44, 14, 5, 1, 
2019/4/11, 62, 45, 16, 5, 1, 
2019/4/12, 65, 41, 15, 3, 1, 
2019/4/13, 63, 34, 12, 3, 1, 
2019/4/14, 54, 29, 9, 1, 1, 
2019/4/15, 51, 34, 15, 2, 1, 
2019/4/16, 55, 28, 11, 3, 1, 
2019/4/17, 55, 37, 19, 3, 1, 
2019/4/18, 70, 62, 18, 5, 5, 
2019/4/19, 67, 67, 24, 8, 1, 
2019/4/20, 89, 76, 10, 11, 1, 
2019/4/21, 93, 53, 9, 7, , 
2019/4/22, 63, 29, 20, 7, 1, 
2019/4/23, 64, 33, 28, 8, 1, 
2019/4/24, 62, 71, 18, 7, , 
2019/4/25, 71, 44, 16, 11, 1, 
2019/4/26, 78, 44, 12, 9, 1, 
2019/4/27, 82, 23, 10, 4, , 
2019/4/28, 49, 24, 13, 5, 1, 
2019/4/29, 39, 19, 10, 4, 1, 
2019/4/30, 47, 16, 14, 3, 1, 
2019/5/1, 41, 19, 12, 5, 1, 
2019/5/2, 36, 23, 12, 6, 1, 
2019/5/3, 46, 22, 11, 3, 1, 
2019/5/4, 42, 26, 17, 2, 1, 
2019/5/5, 51, 41, 16, 2, 1, 
2019/5/6, 72, 54, 18, 3, 1, 
2019/5/7, 84, 52, 15, 4, 1, 
2019/5/8, 88, 56, 17, 3, 1, 
2019/5/9, 91, 49, 17, 5, 1, 
2019/5/10, 79, 49, 21, 4, 1, 
2019/5/11, 81, 45, 17, 3, 1, 
2019/5/12, 77, 28, 19, 4, 1, 
2019/5/13, 64, 36, 7, 9, 1, 
2019/5/14, 73, 47, 9, 10, 1, 
2019/5/15, 81, 47, 9, 10, 1, 
2019/5/16, 80, 45, 12, 5, 1, 
2019/5/17, 74, 47, 13, 4, 1, 
2019/5/18, 80, 46, 15, 3, 1, 
2019/5/19, 72, 38, 10, 3, 1, 
2019/5/20, 67, 35, 9, 6, 1, 
2019/5/21, 67, 26, 15, 4, 1, 
2019/5/22, 52, 32, 10, 10, 1, 
2019/5/23, 56, 34, 11, 7, 1, 
2019/5/24, 60, 39, 13, 7, 1, 
2019/5/25, 66, 29, 8, 5, 1, 
2019/5/26, 56, 24, 14, 5, 1, 
2019/5/27, 51, 26, 8, 9, 1, 
2019/5/28, 51, 22, 8, 9, 1, 
2019/5/29, 39, 22, , 10, 1, 
2019/5/30, 46, 39, 3, 13, 1, 
2019/5/31, 45, 27, 8, 7, 1, 
2019/6/1, 41, 21, 3, 4, 1, 
2019/6/2, 40, 26, 15, 4, 1, 
2019/6/3, 45, 23, 14, 6, 1, 
2019/6/4, 49, 29, 2, 10, 1, 
2019/6/5, 46, 28, 8, 11, 1, 
2019/6/6, 59, 34, 5, 15, 1, 
2019/6/7, 66, 30, 8, 13, 1, 
2019/6/8, 51, 19, 4, 6, 1, 
2019/6/9, 47, 26, 4, 7, 1, 
2019/6/10, 44, 27, 1, 11, 1, 
2019/6/11, 46, 27, 3, 7, 1, 
2019/6/12, 38, 22, 4, 4, 1, 
2019/6/13, 39, 25, 9, 6, 1, 
2019/6/14, 40, 25, 10, 6, 1, 
2019/6/15, 50, 26, 6, 8, , 
2019/6/16, 54, 26, 1, 10, 1, 
2019/6/17, 39, 22, 4, 8, 1, 
2019/6/18, 31, 21, 4, 6, 1, 
2019/6/19, 35, 29, 8, 8, 1, 
2019/6/20, 53, 29, 10, 4, 1, 
2019/6/21, 54, 34, 10, 3, 1, 
2019/6/22, 54, 32, 5, 5, 1, 
2019/6/23, 48, 25, 2, 6, 1, 
2019/6/24, 42, 22, 1, 6, 1, 
2019/6/25, 45, 24, 6, 3, 1, 
2019/6/26, 43, 22, 4, 2, 1, 
2019/6/27, 50, 32, 2, 2, 1, 
2019/6/28, 54, 22, 5, 2, 1, 
2019/6/29, 38, 21, 4, 1, 1, 
2019/6/30, 38, 32, 5, 3, 1, 
2019/3/11, 79, , , , , 
2019/3/12, 103, , , , , 
2019/3/13, 72, 36, 17, 6, 1, 
2019/3/14, 61, 28, 16, 7, 1, 
2019/3/15, 64, 46, 8, 12, 2, 
2019/3/16, 93, 50, 21, 11, 1, 
2019/3/17, 90, 46, 19, 7, 1, 
2019/3/18, 98, 44, 19, 6, 1, 
2019/3/19, 84, 42, 15, 5, 1, 
2019/3/20, 80, 44, 26, 7, 1, 
2019/3/21, 82, 46, 38, 5, 1, 
2019/3/22, 98, 51, 32, 3, 1, 
2019/3/23, 98, 45, 20, 2, 1, 
2019/3/25, 64, 37, 23, 3, 1, 
2019/3/26, 72, 36, 18, 2, 1, 
2019/3/27, 71, 52, 20, 4, 1, 
2019/3/28, 75, 48, 18, 6, 1, 
2019/3/29, 68, 48, 16, 6, 1, 
2019/3/30, 69, 48, 17, 6, 1, 
2019/3/31, 79, 45, 12, 8, 2, 
2018/7/16, 59, , , 11, , 
2018/7/17, 63, , , 9, , 
2018/7/18, 46, , , 9, , 
2018/7/19, 51, , , 8, , 
2018/7/20, 55, , , 9, , 
2018/7/21, 61, , , 7, , 
2018/7/22, 54, , , , , 
2020/3/31, , 36, , , , 
2019/12/31, , 42, 15, , , 
2019/3/24, , 37, 12, 2, 1, 
2018/4/21, , 27, , 2, , 
2018/4/22, , 19, , 6, , 
2018/4/23, , 36, , 4, , 
2018/4/24, , 25, , 8, , 
2018/4/25, , 41, , 12, 1, 
2018/4/26, , 24, , 13, 1, 
2018/4/27, , 22, , , , 
2016/7/1, , 185, , , , 
2016/7/2, , 258, , , , 
2016/7/3, , 232, 16, 10, 7, 6
2016/7/4, , 310, 10, 14, 7, 8
2016/7/5, , 46, 7, 10, 7, 5
2016/7/6, , 38, 7, 14, 8, 4
2016/7/7, , 41, 11, 10, 8, 4
2016/7/8, , 34, 11, 9, 8, 3
2016/7/9, , 34, 10, 11, 7, 4
2016/7/10, , 34, 14, 11, 8, 5
2016/7/11, , 44, 18, 11, 10, 4
2016/7/12, , 49, 30, 14, 7, 5
2016/7/13, , 40, 127, 14, 12, 6
2016/7/14, , 44, 37, 15, 20, 9
2016/7/15, , 50, 27, 8, 2, 3
2016/7/16, , 38, 30, 9, 2, 3
2016/7/17, , 33, 34, 9, 2, 3
2016/7/18, , 31, 33, 12, 2, 4
2016/7/19, , 34, 30, 11, 2, 4
2016/7/20, , 36, 14, 12, 2, 5
2016/7/21, , 32, 23, 10, 4, 5
2016/7/22, , 39, 31, 7, 2, 4
2016/7/23, , 32, 28, 7, 2, 4
2016/7/24, , 37, 37, 9, 9, 4
2016/7/25, , 39, 30, 3, 2, 3
2016/7/26, , 31, 17, 5, 2, 4
2016/7/27, , 29, 34, 7, 8, 6
2016/7/28, , 30, 2, 14, 1, 4
2016/7/29, , 29, , , , 
2016/4/1, , 57, 32, , 3, 5
2016/4/2, , 48, 22, , 2, 4
2016/4/3, , 42, 30, , 3, 5
2016/4/4, , 44, 33, 1, 2, 5
2016/4/5, , 43, 46, , 3, 4
2016/4/6, , 45, 31, , 2, 5
2016/4/7, , 49, 27, , 3, 5
2016/4/8, , 81, 28, , 2, 4
2016/4/9, , 39, 43, , 3, 5
2016/4/10, , 42, 53, , 4, 5
2016/4/11, , 51, 39, 8, 4, 5
2016/4/12, , 57, 35, 4, 4, 4
2016/4/13, , 60, 39, 6, 3, 4
2016/4/14, , 60, 38, 3, 2, 4
2016/4/15, , 56, 36, 5, 2, 5
2016/4/16, , 54, 31, 3, 2, 5
2016/4/17, , 51, 27, 8, 2, 5
2016/4/18, , 51, 28, 5, 3, 4
2016/4/19, , 47, 25, 5, 2, 4
2016/4/20, , 42, 26, 4, 2, 4
2016/4/21, , 41, 48, 5, 3, 5
2016/4/22, , 49, 33, 4, 4, 5
2016/4/23, , 50, , , , 
2016/4/24, , 129, 21, 12, 3, 8
2016/4/25, , 47, 31, 9, 3, 4
2016/4/26, , 50, 29, 9, 3, 5
2016/4/27, , 54, 16, 9, 2, 5
2016/4/28, , 52, 17, 13, 3, 5
2016/4/29, , 55, 16, 16, 2, 4
2016/4/30, , 42, 29, 19, 3, 5
2016/5/1, , 45, 19, 9, 2, 3
2016/5/2, , 32, 19, 10, 2, 3
2016/5/3, , 33, 13, 11, 2, 3
2016/5/4, , 31, 21, 9, 3, 3
2016/5/5, , 30, 24, 9, 3, 3
2016/5/6, , 38, 15, 8, 3, 3
2016/5/7, , 39, 14, 6, 2, 2
2016/5/8, , 30, 11, 9, 3, 3
2016/5/9, , 30, 11, 10, 4, 3
2016/5/10, , 30, 20, 10, 3, 4
2016/5/11, , 39, 18, 9, 4, 4
2016/5/12, , 45, 29, 9, 4, 4
2016/5/13, , 48, 50, 11, 4, 4
2016/5/14, , 44, 20, 12, 3, 4
2016/5/15, , 35, 22, 28, 4, 6
2016/5/16, , 48, 49, 15, 4, 5
2016/5/17, , 50, 29, 17, 4, 5
2016/5/18, , 39, 12, 10, 3, 4
2016/5/19, , 35, 2, 9, 3, 4
2016/5/20, , 32, 1, 8, 2, 3
2016/5/21, , 25, 2, 8, 2, 3
2016/5/22, , 23, 1, 11, 3, 4
2016/5/23, , 32, 1, 14, 4, 4
2016/5/24, , 39, 2, 9, 3, 3
2016/5/25, , 36, 1, 10, 3, 4
2016/5/26, , 33, 1, 12, 3, 4
2016/5/27, , 30, 1, 11, 4, 4
2016/5/28, , 298, 1, 8, 4, 3
2016/5/29, , 895, 1, 12, 4, 4
2016/5/30, , 895, 1, 15, 3, 5
2016/5/31, , 895, , 16, 3, 5
2016/6/1, , 895, 1, 13, 3, 5
2016/6/2, , 895, 1, 15, 3, 5
2016/6/3, , 573, 2, 15, 4, 5
2016/6/4, , 30, 1, 8, 2, 3
2016/6/5, , 29, , 11, 3, 4
2016/6/6, , 32, 1, 8, 3, 4
2016/6/7, , 36, 1, 10, 3, 4
2016/6/8, , 37, 28, 8, 6, 6
2016/6/9, , 32, 18, 9, 3, 4
2016/6/10, , 36, 11, 10, 3, 5
2016/6/11, , 35, 15, 10, 2, 6
2016/6/12, , 40, 20, 8, 3, 3
2016/6/13, , 34, 20, 11, 2, 4
2016/6/14, , 31, 15, 11, 3, 4
2016/6/15, , 33, 6, 15, 2, 5
2016/6/16, , 33, 7, 15, 2, 6
2016/6/17, , 33, 18, 16, 2, 5
2016/6/18, , 88, 38, 16, 3, 5
2016/6/19, , 45, 21, 18, 2, 6
2016/6/20, , 38, 27, 11, 2, 4
2016/6/21, , 33, 38, 12, 2, 4
2016/6/22, , 31, 15, 17, 2, 5
2016/6/23, , 39, 5, 15, 2, 6
2016/6/24, , 41, , 46, 25, 2
2016/6/25, , 895, , 34, 20, 6
2016/6/26, , 895, , 38, 24, 6
2016/6/27, , 895, , 32, 27, 4
2016/6/28, , 895, 9, 22, 15, 5
2016/6/29, , 532, , 37, 32, 6
2016/6/30, , 409, , , , 
2016/1/4, , 72, 40, 29, 10, 11
2016/1/5, , 73, 50, 29, 8, 12
2016/1/6, , 74, 46, 27, 10, 11
2016/1/7, , 79, 11, 36, 6, 12
2016/1/8, , 82, 17, 16, 4, 6
2016/1/9, , 82, 26, 9, 4, 5
2016/1/10, , 82, 28, 15, 5, 6
2016/1/11, , 82, 27, 26, 5, 9
2016/1/12, , 72, 32, 25, 6, 9
2016/1/13, , 62, 14, 15, 4, 6
2016/1/14, , 53, 11, 9, 5, 4
2016/1/15, , 43, 9, 9, 4, 4
2016/1/16, , 42, 13, 6, 5, 3
2016/1/17, , 41, 21, 13, 4, 5
2016/1/18, , 48, 8, 9, 4, 4
2016/1/19, , 40, 14, 12, 4, 4
2016/1/20, , 42, 18, 11, 3, 5
2016/1/21, , 47, 19, 13, 4, 6
2016/1/22, , 50, 22, 15, 5, 6
2016/1/23, , 59, 9, 9, 4, 5
2016/1/24, , 50, 16, 10, 5, 5
2016/1/25, , 45, 30, 4, 5, 5
2016/1/26, , 53, 35, 4, 9, 6
2016/1/27, , 50, 53, 11, 12, 8
2016/1/28, , 63, 55, 18, 14, 10
2016/1/29, , 73, 27, 13, 5, 8
2016/1/30, , 63, 18, 5, 5, 6
2016/1/31, , 50, 29, 15, 6, 9
2016/2/1, , 57, 16, 13, 4, 8
2016/2/2, , 60, 28, 15, 7, 11
2016/2/3, , 62, 36, 23, 8, 13
2016/2/4, , 72, 40, 26, 8, 13
2016/2/5, , 72, 38, 8, 5, 8
2016/2/6, , 59, 53, 5, 5, 7
2016/2/7, , 67, 48, 16, 8, 8
2016/2/8, , 72, 54, 25, 7, 10
2016/2/9, , 81, 47, 33, 10, 13
2016/2/10, , 85, 43, 27, 8, 15
2016/2/11, , 75, 31, 13, 5, 10
2016/2/12, , 69, 19, 12, 6, 9
2016/2/13, , 60, 25, 8, 5, 7
2016/2/14, , 55, 25, 9, 6, 7
2016/2/15, , 54, 19, 9, 4, 7
2016/2/16, , 56, 24, 15, 5, 10
2016/2/17, , 64, 33, 13, 7, 10
2016/2/18, , 68, 27, 17, 6, 10
2016/2/19, , 62, 29, 11, 5, 8
2016/2/20, , 62, 26, 5, 5, 7
2016/2/21, , 58, 30, 4, 5, 7
2016/2/22, , 56, 39, 9, 5, 8
2016/2/23, , 58, 31, 9, 6, 8
2016/2/24, , 63, 36, 9, 8, 9
2016/2/25, , 62, 38, 15, 5, 10
2016/2/26, , 65, 54, 13, 7, 9
2016/2/27, , 66, 69, 23, 9, 12
2016/2/28, , 76, 55, 20, 8, 12
2016/2/29, , 78, 58, 17, 6, 9
2016/3/1, , 66, 58, 24, 9, 13
2016/3/2, , 80, 56, 35, 10, 16
2016/3/3, , 84, 44, 7, 5, 9
2016/3/4, , 63, 29, 5, 4, 7
2016/3/5, , 54, 26, 5, 5, 7
2016/3/6, , 52, 31, 8, 5, 7
2016/3/7, , 55, 26, 8, 5, 7
2016/3/8, , 55, 25, 9, 6, 7
2016/3/9, , 54, 21, 11, 6, 8
2016/3/10, , 56, 24, 10, 6, 8
2016/3/11, , 54, 20, 4, 4, 6
2016/3/12, , 52, 16, 5, 5, 6
2016/3/13, , 43, 25, 9, 6, 7
2016/3/14, , 47, 23, 7, 5, 7
2016/3/15, , 46, 32, 7, 5, 7
2016/3/16, , 53, 34, 10, 6, 7
2016/3/17, , 52, 26, 7, 5, 8
2016/3/18, , 45, 27, 10, 5, 8
2016/3/19, , 45, 26, 4, 5, 7
2016/3/20, , 45, 32, 9, 5, 7
2016/3/21, , 45, 36, 10, 6, 8
2016/3/22, , 51, 62, 10, 7, 9
2016/3/23, , 70, 70, 15, 10, 9
2016/3/24, , 70, 35, 7, 6, 7
2016/3/25, , 59, 54, 5, 6, 9
2016/3/26, , 61, 22, 10, 5, 9
2016/3/27, , 55, 47, 8, 5, 9
2016/3/28, , 65, 38, 1, 4, 9
2016/3/29, , 73, 35, , 3, 8
2016/3/30, , 59, 31, , 2, 6
2016/3/31, , 60, 33, , 2, 6
2015/12/3, , 50, 31, 10, 4, 4
2015/12/4, , 56, 18, 19, 6, 6
2015/12/5, , 61, 28, 14, 7, 6
2015/12/6, , 56, 27, 4, 5, 4
2015/12/7, , 54, 30, 8, 6, 4
2015/12/8, , 57, 35, 13, 10, 5
2015/12/9, , 64, 41, 16, 11, 8
2015/12/10, , 76, 55, 30, 9, 12
2015/12/11, , 74, 43, 25, 8, 9
2015/12/12, , 52, 17, 15, 5, 7
2015/12/13, , 54, 30, 13, 4, 7
2015/12/14, , 68, 48, 15, 11, 7
2015/12/15, , 85, 36, 24, 8, 9
2015/12/16, , 62, 26, 16, 8, 7
2015/12/17, , 49, 26, 10, 3, 7
2015/12/18, , 57, 30, 18, 5, 7
2015/12/19, , 64, 39, 21, 9, 6
2015/12/20, , 66, 40, 17, 9, 6
2015/12/21, , 66, 43, 12, 10, 6
2015/12/22, , 64, 33, 15, 7, 6
2015/12/23, , 70, 29, 20, 8, 7
2015/12/24, , 60, 32, 16, 7, 6
2015/12/25, , 56, 27, 18, 5, 7
2015/12/26, , 56, 20, 20, 5, 7
2015/12/27, , 62, 20, 20, 5, 8
2015/12/28, , 57, 16, 16, 4, 8
2015/12/29, , 57, 18, 17, 4, 10
2015/12/30, , 56, 20, 19, 5, 9
2016/1/3, , 62, 49, 13, 7, 9
2015/4/1, , 21, 59, 6, 2, 5
2015/4/2, , 21, 48, 9, 2, 6
2015/4/3, , 28, 70, 12, 4, 6
2015/4/4, , 35, 60, 6, 4, 6
2015/4/5, , 29, 44, 4, 2, 6
2015/4/6, , 17, 53, 6, 3, 6
2015/4/7, , 19, 29, 12, 2, 6
2015/4/8, , 19, 3, 22, 4, 12
2015/4/9, , 22, , , , 
2015/4/14, , 53, 67, 5, 4, 9
2015/4/15, , 57, 75, 7, 2, 8
2015/4/16, , 55, 42, 5, 2, 5
2015/4/17, , 34, 31, 2, 3, 4
2015/4/18, , 22, 37, 4, 3, 4
2015/4/19, , 11, 58, 9, 3, 5
2015/4/20, , 16, 47, 3, 3, 5
2015/4/21, , 21, 69, 11, 4, 6
2015/4/22, , 28, 43, 14, 3, 7
2015/4/23, , 24, 74, 22, 4, 8
2015/4/24, , 26, 36, 26, 3, 9
2015/4/25, , 37, 66, 19, 4, 9
2015/4/26, , 31, 53, 19, 4, 9
2015/4/27, , 17, 52, 20, 5, 9
2015/4/28, , 28, 29, 16, 3, 8
2015/4/29, , 27, 45, 9, 4, 8
2015/4/30, , 17, 36, 7, 3, 5
2015/5/1, , 12, 34, 8, 3, 5
2015/5/2, , 11, 32, 11, 3, 5
2015/5/3, , 13, 25, 8, 4, 6
2015/5/4, , 16, 12, 12, 3, 6
2015/5/5, , 14, 27, 7, 5, 7
2015/5/6, , 26, 27, 13, 4, 6
2015/5/7, , 21, 28, 9, 4, 6
2015/5/8, , 20, 26, 7, 4, 6
2015/5/9, , 21, 39, 3, 3, 5
2015/5/10, , 27, 27, 6, 4, 5
2015/5/11, , 13, 22, 4, 4, 5
2015/5/12, , 20, 6, 3, 4, 5
2015/5/13, , 11, 16, 6, 4, 5
2015/5/14, , 11, 41, 8, 6, 5
2015/5/15, , 13, 20, 3, 4, 5
2015/5/16, , 11, 37, 7, 5, 5
2015/5/17, , 13, 29, 2, 3, 4
2015/5/18, , 5, 34, 5, 4, 4
2015/5/19, , 5, 28, 2, 3, 4
2015/5/20, , 79, 29, 4, 5, 4
2015/5/21, , 2, 21, 9, 2, 4
2015/5/22, , 75, 29, 9, 2, 4
2015/5/23, , 6, 27, 11, 2, 4
2015/5/24, , 9, 50, 12, 2, 5
2015/5/25, , 15, 35, 14, 3, 5
2015/5/26, , 14, 54, 14, 3, 5
2015/5/27, , 14, 53, 12, 2, 5
2015/5/28, , 13, 44, 10, 2, 5
2015/5/29, , 13, 46, 9, 2, 4
2015/5/30, , 700, 30, 6, 1, 4
2015/6/3, , 16, 18, 13, 1, 5
2015/6/4, , 20, 52, 11, 2, 5
2015/6/5, , 75, 39, 11, 2, 4
2015/6/6, , 13, 31, 8, 2, 4
2015/6/7, , 11, 28, 11, 2, 5
2015/6/8, , 11, , , , 
2015/6/15, , 14, 13, 3, 2, 5
2015/6/16, , 482, 27, 2, 2, 4
2015/1/7, , 67, 46, 10, 8, 10
2015/1/8, , 54, 10, 6, 2, 7
2015/1/9, , 46, 18, 5, 5, 8
2015/1/12, , 48, 23, 8, 3, 8
2015/1/13, , 51, 49, 11, 5, 7
2015/1/14, , 59, 24, 12, 9, 8
2015/1/15, , 75, 20, 22, 6, 8
2015/1/16, , 83, 56, 24, 7, 11
2015/1/17, , 76, 55, 15, 4, 8
2015/1/18, , 77, 16, 23, 6, 9
2015/1/19, , 76, 6, 25, 2, 9
2015/1/20, , 73, 57, 20, 7, 10
2015/1/21, , 82, 79, 28, 6, 12
2015/1/22, , 90, 2, 47, 19, 19
2015/1/23, , 101, 44, 33, 5, 14
2015/1/24, , 88, 6, 9, 3, 12
2015/1/25, , 78, 74, 9, 3, 10
2015/1/26, , 70, 60, 16, 3, 11
2015/1/27, , 80, 89, 22, 7, 11
2015/1/28, , 78, 7, 27, 1, 9
2015/1/29, , 69, 4, 21, , 11
2015/1/30, , 65, 57, 22, 2, 8
2015/1/31, , 60, 24, 18, 1, 8
2015/2/1, , 68, 30, 22, 2, 9
2015/2/2, , 74, 37, 19, 3, 8
2015/2/3, , 65, 46, 20, 4, 7
2015/2/4, , 67, 47, 26, 7, 10
2015/2/5, , 64, 45, 22, 2, 6
2015/2/6, , 65, 41, 20, 2, 7
2015/2/7, , 72, 55, 30, 6, 11
2015/2/8, , 77, 61, 32, 3, 12
2015/2/9, , 74, 47, 26, 2, 10
2015/2/10, , 70, 59, 27, 4, 11
2015/2/11, , 82, 89, 37, 5, 14
2015/2/12, , 67, 41, 16, 2, 7
2015/2/13, , 55, 37, 9, 1, 5
2015/2/14, , 46, 42, 11, 2, 5
2015/2/15, , 46, 8, 13, 1, 7
2015/2/16, , 44, 5, 21, 2, 9
2015/2/17, , 47, 37, 15, 2, 5
2015/2/18, , 45, 10, 12, 2, 5
2015/2/19, , 39, 6, 16, 2, 6
2015/2/20, , 45, 26, 20, 2, 6
2015/2/21, , 44, 5, 10, 2, 5
2015/2/22, , 23, 22, 8, 1, 4
2015/2/23, , 24, 23, 13, 3, 5
2015/2/24, , 31, 50, 13, 3, 5
2015/2/25, , 33, 36, 13, 2, 5
2015/2/26, , 28, 39, 11, 1, 5
2015/2/27, , 31, 47, 8, 1, 6
2015/2/28, , 34, 44, 7, 2, 6
2015/3/1, , 37, 44, 6, 1, 5
2015/3/2, , 34, 12, 11, 2, 6
2015/3/3, , 33, 25, 5, 1, 5
2015/3/4, , 37, 33, 6, 2, 5
2015/3/5, , 41, 42, 12, 2, 6
2015/3/6, , 37, 26, 5, 1, 5
2015/3/7, , 32, 27, 5, 1, 5
2015/3/9, , 22, 30, 5, 1, 5
2015/3/10, , 29, 36, 5, 2, 5
2015/3/11, , 36, 28, 5, 2, 6
2015/3/12, , 37, 34, 10, 1, 6
2015/3/13, , 42, 37, 3, 1, 5
2015/3/16, , 32, 11, 5, , 6
2015/3/17, , 35, 31, 7, 1, 6
2015/3/18, , 39, 32, 9, 1, 6
2015/3/19, , 37, 28, 7, 4, 6
2015/3/20, , 47, 10, 5, 1, 5
2015/3/21, , 49, 23, 1, 3, 5
2015/3/22, , 41, 46, 3, 3, 6
2015/3/23, , 40, 18, 5, 3, 6
2015/3/27, , 39, 44, 15, 5, 7
2015/3/28, , 47, 55, 23, 5, 8
2015/3/29, , 31, 53, 14, 3, 6
2015/3/30, , 22, 36, 12, 2, 5
2015/3/31, , 16, 40, 7, 2, 4
2014/10/1, , 37, 41, 16, 3, 7
2014/10/2, , 31, 29, 8, 5, 4
2014/10/3, , 29, 47, 19, 5, 7
2014/10/4, , 39, 41, 26, 4, 8
2014/10/6, , 26, 30, 10, 3, 6
2014/10/7, , 22, 27, 11, 3, 5
2014/10/8, , 26, 35, 13, 3, 6
2014/10/9, , 13, 29, 6, 3, 4
2014/10/10, , 20, 19, 7, 3, 4
2014/10/11, , 11, 34, 15, 4, 7
2014/10/12, , 24, 48, 20, 5, 7
2014/10/13, , 57, 38, 18, 3, 6
2014/10/14, , 58, 86, 20, 5, 7
2014/10/15, , 63, 83, 21, 8, 8
2014/10/16, , 75, 62, 16, 6, 7
2014/10/17, , 67, 64, 19, 4, 6
2014/10/18, , 53, 31, 14, 5, 6
2014/10/19, , 47, 19, 12, 3, 6
2014/10/20, , 23, 33, 16, 6, 6
2014/10/21, , 21, 31, 13, 6, 6
2014/10/22, , 31, 18, 10, 4, 6
2014/10/23, , 25, 15, 17, 5, 8
2014/10/24, , 36, 13, 11, 5, 6
2014/10/25, , 54, 14, 8, 4, 7
2014/10/26, , 21, 17, 13, 6, 8
2014/10/27, , 57, 35, 13, 5, 6
2014/10/28, , 24, 21, 20, 4, 7
2014/10/29, , 12, 40, 24, 5, 11
2014/10/30, , 32, 31, 18, 5, 9
2014/10/31, , 50, 15, 12, 4, 6
2014/11/1, , 23, 20, 13, 4, 7
2014/11/2, , 22, 14, 13, 5, 7
2014/11/3, , 25, 5, 15, 4, 6
2014/11/4, , 22, 12, 20, 4, 10
2014/11/5, , 18, 18, 19, 6, 13
2014/11/6, , 37, 28, 19, 5, 9
2014/11/7, , 40, 19, 11, 6, 5
2014/11/8, , 38, , , , 
2014/11/10, , 37, 46, 19, 7, 7
2014/11/11, , 40, 36, 15, 6, 7
2014/11/12, , 42, 32, 12, 5, 7
2014/11/13, , 43, 24, 13, 5, 6
2014/11/14, , 28, 7, 15, 4, 8
2014/11/15, , 31, , , , 
2014/11/19, , 46, 80, 19, 6, 7
2014/11/20, , 51, 68, 14, 6, 8
2014/11/21, , 53, 47, 17, 8, 7
2014/11/22, , 52, , , , 
2014/11/24, , 49, 68, 12, 3, 7
2014/11/25, , 49, 72, 17, 6, 7
2014/11/26, , 48, 31, 27, 2, 9
2014/11/27, , 37, 37, 28, 2, 12
2014/11/28, , 35, 3, 41, 3, 23
2014/11/29, , 50, , , , 
2014/12/1, , 46, 5, 19, 6, 6
2014/12/2, , 50, 42, 22, 4, 12
2014/12/3, , 33, 42, 20, 3, 12
2014/12/4, , 40, 5, 14, 5, 8
2014/12/5, , 44, , , , 
2014/12/8, , 47, 52, 17, 3, 8
2014/12/9, , 30, 5, 23, 1, 8
2014/12/10, , 39, 53, 18, 1, 7
2014/12/11, , 47, 11, 27, 2, 8
2014/12/12, , 42, , , , 
2014/12/15, , 58, 18, 19, 2, 7
2014/12/16, , 61, 53, 15, 2, 7
2014/12/17, , 48, 45, 23, 5, 7
2014/12/18, , 57, 17, 28, 3, 7
2014/12/19, , 64, , , , 
2014/12/22, , 54, 72, 12, 4, 6
2014/12/23, , 69, 64, 12, 3, 6
2014/12/24, , 69, 64, 10, 5, 7
2014/12/25, , 62, 55, 16, 5, 8
2014/12/26, , 62, , , , 
2014/7/2, , 31, 34, 9, 2, 4
2014/7/3, , 10, 35, 8, 2, 4
2014/7/4, , 7, 31, 7, 3, 3
2014/7/5, , 8, 29, 6, 2, 4
2014/7/6, , 5, 29, 6, 2, 4
2014/7/7, , 5, 27, 8, 3, 4
2014/7/8, , 6, 20, 8, 3, 3
2014/7/9, , 4, 26, 10, 2, 4
2014/7/10, , 3, 20, 10, 2, 4
2014/7/11, , 13, 27, 10, 2, 4
2014/7/12, , 11, 26, 9, 4, 3
2014/7/13, , 10, 33, 8, 2, 4
2014/7/14, , 22, 16, 17, 2, 7
2014/7/15, , 13, 17, 14, 2, 5
2014/7/16, , 13, 27, 11, 3, 5
2014/7/17, , 10, 22, 10, 2, 4
2014/7/18, , 10, 18, 9, 3, 3
2014/7/19, , 11, 11, 12, 3, 5
2014/7/20, , 20, 14, 11, 3, 5
2014/7/21, , 26, 62, 11, 4, 5
2014/7/22, , 25, 24, 10, 4, 4
2014/7/23, , 13, 59, 8, 3, 3
2014/7/24, , 11, 82, 10, 15, 14
2014/7/25, , 6, 16, 13, 3, 28
2014/7/26, , 19, 14, 10, 4, 8
2014/7/27, , 12, 13, 10, 3, 5
2014/7/28, , 13, 15, 15, 4, 5
2014/7/29, , 23, 25, 12, 5, 6
2014/7/30, , 19, 25, 8, 4, 4
2014/7/31, , 20, 19, 11, 3, 8
2014/8/9, , 4, 4, 13, , 4
2014/8/10, , 6, 25, 7, 1, 2
2014/8/11, , 4, 18, 6, 1, 2
2014/8/12, , 7, 24, 5, 2, 3
2014/8/13, , 6, 25, 7, 2, 4
2014/8/14, , 4, 28, 9, 2, 2
2014/8/15, , 8, 19, 12, 3, 3
2014/8/16, , 10, 28, 9, 2, 3
2014/8/17, , 10, 2, 10, 1, 2
2014/8/18, , 13, 34, 10, 2, 3
2014/8/19, , 33, 23, 12, 4, 4
2014/8/20, , 11, 21, 13, 3, 3
2014/8/21, , 732, 21, 17, 3, 4
2014/8/23, , 190, 54, 26, 5, 11
2014/8/24, , 18, 181, 7, 2, 4
2014/8/25, , 3, 34, 12, 3, 4
2014/8/26, , 53, 12, 10, 3, 152
2014/8/29, , 17, 19, 7, 3, 3
2014/8/30, , 15, 15, 9, 3, 4
2014/8/31, , 12, 14, 6, 2, 4
2014/9/1, , 40, 13, 6, 2, 5
2014/9/2, , 39, 19, 7, 2, 4
2014/9/3, , 15, 24, 11, 3, 7
2014/9/4, , 17, 20, 9, 4, 6
2014/9/5, , 12, 20, 6, 2, 4
2014/9/6, , 9, 25, 7, 2, 4
2014/9/7, , 10, 21, 7, 3, 4
2014/9/8, , 10, 27, 5, 2, 3
2014/9/9, , 8, 30, 5, 2, 3
2014/9/10, , 8, 32, 8, 2, 4
2014/9/11, , 12, 30, 9, 4, 5
2014/9/12, , 12, 22, 8, 3, 4
2014/9/13, , 11, 25, 5, 1, 4
2014/9/14, , 10, 27, 5, 1, 3
2014/9/15, , 13, 17, 6, 3, 4
2014/9/16, , 11, 15, 10, 2, 8
2014/9/17, , 10, 21, 9, 4, 4
2014/9/18, , 5, 26, 7, 2, 4
2014/9/19, , 14, 24, 9, 4, 5
2014/9/20, , 15, 37, 7, 3, 4
2014/9/21, , 16, 34, 6, 3, 4
2014/9/22, , 14, 29, 7, 3, 5
2014/9/23, , 21, 30, 7, 3, 4
2014/9/24, , 16, 34, 10, 3, 5
2014/9/25, , 37, 36, 17, 4, 7
2014/9/26, , 49, 30, 13, 3, 7
2014/9/27, , 27, 41, 16, 2, 8
2014/9/28, , 29, 3, 12, 3, 8
2014/9/29, , 52, 38, 18, 3, 7
2014/9/30, , 36, 31, 16, 3, 6
2014/4/1, , 21, 26, 7, 3, 6
2014/4/2, , 29, 34, 4, 2, 5
2014/4/3, , 29, 29, 10, 2, 5
2014/4/4, , 27, 47, 14, 2, 5
2014/4/5, , 35, 48, 11, 2, 5
2014/4/6, , 36, 51, 6, 2, 4
2014/4/7, , 26, 68, 6, 2, 5
2014/4/8, , 38, 84, 10, 2, 5
2014/4/9, , 57, 58, 8, 2, 6
2014/4/10, , 59, 30, 14, 2, 6
2014/4/11, , 57, 59, 13, 2, 7
2014/4/12, , 60, 78, 9, 3, 7
2014/4/13, , 54, 51, 9, 2, 6
2014/4/14, , 52, 24, 7, 1, 5
2014/4/15, , 45, 36, 7, 2, 5
2014/4/16, , 34, 31, 11, 2, 6
2014/4/17, , 30, 28, 10, 2, 6
2014/4/18, , 28, 28, 8, 2, 5
2014/4/19, , 37, 27, 6, 1, 4
2014/4/20, , 21, 27, 10, 2, 4
2014/4/21, , 18, 42, 10, 2, 4
2014/4/22, , 18, 51, 9, 2, 5
2014/4/23, , 24, 25, 6, 2, 4
2014/4/24, , 29, 30, 9, 2, 5
2014/4/25, , 25, 29, 8, 2, 4
2014/4/26, , 20, 31, 5, 2, 3
2014/4/27, , 17, 24, 16, 3, 7
2014/4/28, , 19, 26, 14, 2, 6
2014/4/29, , 34, 54, 9, 2, 5
2014/4/30, , 30, 22, 8, 2, 5
2014/5/1, , 26, 55, 13, 2, 8
2014/5/2, , 24, 32, 11, 2, 5
2014/5/3, , 35, 32, 15, 1, 5
2014/5/4, , 29, 35, 15, 2, 6
2014/5/5, , 25, 37, 13, 2, 5
2014/5/6, , 31, 43, 7, 2, 4
2014/5/7, , 24, 57, 14, 3, 6
2014/5/8, , 30, 37, 5, 2, 4
2014/5/9, , 25, , , , 
2014/5/17, , 14, 12, 13, 2, 5
2014/5/18, , 17, 34, 8, 2, 5
2014/5/19, , 18, 47, 6, 2, 4
2014/5/20, , 17, 41, 6, 2, 4
2014/5/21, , 17, 35, 7, 3, 4
2014/5/22, , 21, 27, 8, 3, 4
2014/5/23, , 50, 44, 10, 5, 5
2014/5/24, , 34, 14, 11, 3, 5
2014/5/25, , 21, 34, 14, 3, 5
2014/5/26, , 21, 14, 16, 2, 5
2014/5/27, , 31, 51, 10, 3, 4
2014/5/28, , 18, 31, 7, 2, 4
2014/5/29, , 15, 53, 7, 2, 4
2014/5/30, , 12, 36, 8, 2, 4
2014/5/31, , 15, 19, 9, 2, 4
2014/6/1, , 15, 27, 7, 2, 4
2014/6/2, , 11, 47, 5, 2, 4
2014/6/3, , 11, 37, 8, 2, 4
2014/6/4, , 11, 20, 9, 2, 4
2014/6/5, , 13, 32, 10, 3, 4
2014/6/6, , 13, 21, 11, 3, 5
2014/6/7, , 15, 15, 8, 2, 6
2014/6/8, , 19, 31, 9, 3, 4
2014/6/9, , 16, 44, 8, 2, 4
2014/6/10, , 18, 17, 8, 3, 4
2014/6/11, , 20, 26, 8, 3, 4
2014/6/12, , 39, 25, 9, 2, 4
2014/6/13, , 212, 21, 6, , 3
2014/6/14, , 775, , , , 
2014/6/16, , 226, 29, 9, 1, 4
2014/6/17, , 24, 19, 9, 2, 5
2014/6/18, , 24, 27, 7, 2, 4
2014/6/19, , 38, 21, 9, 2, 5
2014/6/20, , 45, 23, 9, 3, 5
2014/6/21, , 47, 25, 7, 2, 4
2014/6/22, , 41, 24, 9, 3, 5
2014/6/23, , 41, 27, 9, 2, 4
2014/6/24, , 42, 17, 9, 1, 4
2014/6/25, , 16, 4, 9, 3, 5
2014/6/26, , 48, 6, 13, 1, 4
2014/6/27, , 77, 19, 6, 2, 3
2014/6/28, , 62, 21, 3, 2, 2
2014/6/29, , 166, 31, 9, 2, 4
2014/6/30, , 737, 27, 12, 2, 5
2014/1/1, , 74, 88, 17, 6, 12
2014/1/2, , 77, 91, 24, 8, 15
2014/1/3, , 89, 1, 59, 7, 31
2014/1/4, , 92, 42, 20, 3, 12
2014/1/5, , 90, 54, 24, 4, 13
2014/1/6, , 77, 51, 31, 6, 17
2014/1/7, , 86, 91, 19, 6, 13
2014/1/8, , 74, 35, 15, 5, 10
2014/1/9, , 89, 36, 6, 5, 7
2014/1/10, , 57, 47, 9, 6, 9
2014/1/11, , 56, 41, 7, 7, 9
2014/1/12, , 59, 43, 8, 7, 9
2014/1/13, , 58, 58, 4, 3, 8
2014/1/14, , 48, 61, 8, 6, 9
2014/1/15, , 52, 61, 12, 9, 9
2014/1/16, , 62, 64, 22, 14, 10
2014/1/17, , 106, 41, 16, 3, 7
2014/1/18, , 69, 71, 11, 3, 8
2014/1/19, , 63, 66, 17, 5, 8
2014/1/20, , 73, 18, 21, 4, 8
2014/1/21, , 71, , , , 
2014/1/23, , 97, 73, 26, 8, 10
2014/1/24, , 87, 2, 46, 7, 15
2014/1/25, , 90, , , , 
2014/1/27, , 115, 52, 25, 4, 8
2014/1/28, , 76, 47, 29, 5, 10
2014/1/29, , 62, 41, 27, 8, 12
2014/1/30, , 66, 40, 23, 4, 7
2014/1/31, , 57, 38, 22, 4, 9
2014/2/1, , 50, , , , 
2014/2/4, , 39, 30, 14, 3, 5
2014/2/5, , 31, 34, 12, 3, 5
2014/2/6, , 27, 22, 11, 2, 4
2014/2/7, , 20, 24, 9, 2, 4
2014/2/8, , 13, 46, 11, 3, 5
2014/2/9, , 13, 57, 15, 4, 6
2014/2/10, , 29, 22, 16, 4, 6
2014/2/11, , 41, 19, 10, 2, 7
2014/2/12, , 30, 19, 12, 2, 5
2014/2/13, , 29, 34, 10, 2, 5
2014/2/14, , 29, 15, 6, , 4
2014/2/15, , 31, 35, 8, 1, 6
2014/2/16, , 22, 39, 8, 1, 6
2014/2/17, , 23, 42, 12, 2, 5
2014/2/18, , 25, 39, 13, 2, 6
2014/2/19, , 25, 33, 7, 1, 8
2014/2/20, , 31, 36, 15, 2, 10
2014/2/21, , 38, 92, 21, 4, 10
2014/2/22, , 59, 64, 9, 2, 8
2014/2/23, , 36, 58, 12, 2, 7
2014/2/24, , 23, 43, 12, 1, 6
2014/2/25, , 22, 41, 10, 2, 6
2014/2/26, , 26, 58, 9, 9, 11
2014/2/27, , 37, 50, 10, 14, 8
2014/2/28, , 33, 52, 10, 8, 8
2014/3/1, , 29, 50, 11, 9, 8
2014/3/2, , 31, 56, 15, 7, 10
2014/3/3, , 39, 26, 12, 10, 12
2014/3/4, , 43, 53, 11, 2, 6
2014/3/5, , 38, 36, 11, 1, 5
2014/3/6, , 36, 32, 7, 1, 4
2014/3/7, , 32, 38, 9, 1, 4
2014/3/8, , 30, 29, 12, 1, 5
2014/3/9, , 38, 34, 8, 1, 5
2014/3/10, , 38, 44, 12, 1, 5
2014/3/11, , 29, 33, 10, 1, 5
2014/3/12, , 28, 46, 14, 2, 6
2014/3/13, , 36, 45, 12, 2, 6
2014/3/14, , 68, 44, 11, 2, 6
2014/3/15, , 33, 3, 12, 2, 4
2014/3/16, , 32, 8, 13, 1, 6
2014/3/17, , 41, 5, 8, , 5
2014/3/18, , 25, 7, 7, , 5
2014/3/19, , 20, 6, 15, 2, 7
2014/3/20, , 22, 44, 18, 4, 7
2014/3/21, , 30, 9, 12, 3, 6
2014/3/22, , 38, 51, 12, 2, 8
2014/3/23, , 33, 57, 13, 2, 8
2014/3/24, , 44, 61, 11, 2, 6
2014/3/25, , 71, 51, 9, 2, 5
2014/3/26, , 193, 39, 5, 2, 6
2014/3/28, , 36, 32, 6, 2, 5
2014/3/29, , 39, 20, 4, 1, 4
2014/3/30, , 27, 24, 5, 2, 3
2014/3/31, , 18, 22, 4, 1, 5
2022/3/8, , , , , , 
2017/8/22, , , 15, , , 
2017/8/23, , , 16, , , 
2017/8/24, , , 10, , , 
2017/8/25, , , 10, , , 
2015/10/1, , , 22, 13, 3, 7
2015/10/2, , , 13, 20, 3, 10
2015/10/3, , , 11, 13, 3, 7
2015/10/4, , , 7, 13, 3, 7
2015/10/5, , , 6, 11, 3, 7
2015/10/6, , , 7, 15, 3, 9
2015/10/7, , , 22, 13, 3, 7
2015/10/8, , , 18, 7, 3, 5
2015/10/9, , , 5, 13, 3, 8
2015/10/10, , , 22, 9, 4, 6
2015/10/11, , , 19, 10, 3, 6
2015/10/12, , , 23, 6, 3, 4
2015/10/13, , , 25, 8, 5, 5
2015/10/14, , , 39, 5, 5, 4
2015/10/15, , , 36, 10, 5, 5
2015/10/16, , , 42, 15, 5, 6
2015/10/17, , , 38, 16, 4, 7
2015/10/18, , , 39, 20, 3, 8
2015/10/19, , , 30, 22, 4, 11
2015/10/20, , , 36, 26, 5, 12
2015/10/21, , , 42, 16, 4, 7
2015/10/22, , , 20, 21, 5, 8
2015/10/23, , , 32, 16, 5, 8
2015/10/24, , , 24, 13, 4, 7
2015/10/25, , , 47, 11, 3, 5
2015/10/26, , , 24, 17, 4, 6
2015/10/27, , , 25, 13, 8, 7
2015/10/28, , , 24, 13, 6, 7
2015/10/29, , , 30, 17, 7, 7
2015/10/30, , , 20, 14, 3, 7
2015/10/31, , , 20, 11, 3, 5
2015/11/1, , , 27, 12, 5, 5
2015/11/2, , , 31, 11, 3, 6
2015/11/3, , , 37, 15, 6, 7
2015/11/4, , , 45, 15, 8, 7
2015/11/5, , , 32, 21, 8, 8
2015/11/6, , , 15, 25, 9, 9
2015/11/8, , , 17, 11, 3, 5
2015/11/9, , , 22, 13, 7, 6
2015/11/10, , , 16, 13, 6, 6
2015/11/11, , , 18, 13, 6, 6
2015/11/12, , , 6, 14, 3, 
2015/11/15, , , 22, 21, 5, 8
2015/11/16, , , 21, 22, 4, 9
2015/11/17, , , 26, 15, 3, 5
2015/11/18, , , 23, 19, 5, 7
2015/11/19, , , 23, 13, 9, 4
2015/11/20, , , 25, 14, 8, 4
2015/11/21, , , 31, 13, 8, 4
2015/11/22, , , 27, 13, 5, 4
2015/11/23, , , 21, 17, 6, 5
2015/11/24, , , 32, 16, 10, 5
2015/11/25, , , 30, 13, 6, 5
2015/11/26, , , 26, 12, 6, 5
2015/11/27, , , 26, 10, 5, 5
2015/11/28, , , 30, 18, 4, 6
2015/11/29, , , 37, 13, 7, 5
2015/11/30, , , 36, 17, 9, 5
2015/12/1, , , 30, 15, 7, 6
2015/12/2, , , 18, 15, 5, 6
2015/7/1, , , 21, 4, 2, 3
2015/7/2, , , 21, 2, 3, 3
2015/7/3, , , 22, 2, 3, 3
2015/7/4, , , 26, 4, 4, 3
2015/7/5, , , 26, 6, 3, 4
2015/7/6, , , 30, 4, 5, 4
2015/7/7, , , 25, 4, 2, 3
2015/7/8, , , 23, 2, 1, 3
2015/7/9, , , 17, 3, 1, 3
2015/7/10, , , 23, 2, 1, 3
2015/7/11, , , 23, 2, , 3
2015/7/12, , , 26, 3, , 3
2015/7/13, , , 27, 1, , 3
2015/7/14, , , 28, 2, 2, 4
2015/7/15, , , 20, 2, 1, 4
2015/7/16, , , 16, 4, , 4
2015/7/17, , , 14, 1, 2, 3
2015/7/18, , , 15, 2, 2, 3
2015/7/19, , , 13, 1, 1, 3
2015/7/20, , , 7, 1, , 3
2015/7/21, , , 15, 3, 2, 3
2015/7/22, , , 30, 2, 2, 3
2015/7/23, , , 29, 1, 2, 3
2015/7/24, , , 28, , 2, 3
2015/7/25, , , 33, , 2, 3
2015/7/26, , , 21, 2, 2, 6
2015/7/27, , , 14, 9, 2, 5
2015/7/28, , , 14, 13, 2, 4
2015/7/29, , , 15, 13, 2, 4
2015/7/30, , , 17, 11, 2, 4
2015/7/31, , , 25, 10, 3, 4
2015/8/1, , , 29, 11, 2, 5
2015/8/2, , , 11, 12, 3, 5
2015/8/3, , , 23, 9, , 4
2015/8/4, , , 20, 10, 2, 3
2015/8/5, , , 26, 12, 4, 4
2015/8/6, , , 33, 9, 2, 3
2015/8/7, , , 32, 1, 2, 3
2015/8/8, , , 25, 1, 2, 3
2015/8/9, , , 28, 21, 30, 27
2015/8/10, , , 23, 5, 2, 3
2015/8/11, , , 29, 3, 2, 3
2015/8/12, , , 30, 4, 2, 5
2015/8/13, , , 18, 4, 2, 5
2015/8/14, , , 28, 4, 2, 4
2015/8/15, , , 27, 3, 2, 4
2015/8/16, , , 30, 3, 3, 3
2015/8/17, , , 21, 2, 2, 3
2015/8/18, , , 22, , , 3
2015/8/19, , , 22, 2, 2, 3
2015/8/20, , , 33, 4, 5, 5
2015/8/21, , , 19, 1, 4, 3
2015/8/22, , , 16, , 2, 3
2015/8/23, , , 20, 1, 2, 3
2015/8/24, , , 18, 1, 3, 3
2015/8/25, , , 23, 2, 3, 3
2015/8/26, , , 20, 2, 2, 4
2015/8/27, , , 19, 3, 2, 4
2015/8/28, , , 11, 2, 2, 3
2015/8/29, , , 17, 6, 2, 4
2015/8/30, , , 19, , , 2
2015/8/31, , , 5, , , 3
2015/9/2, , , 8, , , 
2015/9/4, , , 5, 3, 1, 4
2015/9/5, , , 2, , , 
2015/9/7, , , 12, 1, 2, 3
2015/9/8, , , 16, , 2, 3
2015/9/9, , , 23, 1, 2, 5
2015/9/10, , , 16, 1, 3, 7
2015/9/11, , , 19, , 3, 4
2015/9/12, , , 22, , 2, 3
2015/9/13, , , 24, , 2, 3
2015/9/14, , , 21, , 3, 3
2015/9/15, , , 11, , 2, 4
2015/9/16, , , 18, , 2, 5
2015/9/17, , , 13, , 2, 4
2015/9/18, , , 13, , 3, 5
2015/9/19, , , 55, 3, 4, 8
2015/9/20, , , 36, 11, 3, 8
2015/9/21, , , 29, 6, 3, 5
2015/9/22, , , 17, 10, 3, 6
2015/9/23, , , 12, 7, 3, 5
2015/9/24, , , 15, 6, 3, 3
2015/9/25, , , 18, 6, 2, 3
2015/9/26, , , 21, 11, 3, 4
2015/9/27, , , 25, 9, 3, 5
2015/9/28, , , 19, 17, 2, 7
2015/9/29, , , 22, 17, 3, 6
2015/9/30, , , 34, 14, 3, 6
2015/4/13, , , 72, 1, 3, 7
2015/5/31, , , 35, 6, 2, 3
2015/6/1, , , 34, 7, 2, 4
2015/6/2, , , 24, 16, 2, 5
2015/6/13, , , 37, 5, 2, 3
2015/6/14, , , 35, 5, 2, 4
2015/6/17, , , 28, 4, 2, 4
2015/6/18, , , 33, 4, 2, 4
2015/6/19, , , 31, 3, 1, 3
2015/6/20, , , 27, 1, 1, 3
2015/6/21, , , 20, , 2, 3
2015/6/22, , , 18, 1, 2, 3
2015/6/23, , , 19, 1, 3, 3
2015/6/24, , , 23, 2, 3, 3
2015/6/25, , , 26, 3, 2, 3
2015/6/26, , , 19, 2, 2, 3
2015/6/27, , , 21, 3, 3, 3
2015/6/28, , , 31, 5, 3, 3
2015/6/29, , , 23, 5, 3, 3
2015/6/30, , , 30, 3, 2, 3
2015/1/6, , , 65, 16, 10, 9
2015/3/24, , , 25, 9, 5, 7
2015/3/25, , , 56, 2, 4, 6
2015/3/26, , , 60, 10, 3, 7
2014/10/5, , , 8, 12, 4, 5
2014/11/9, , , 31, 14, 5, 7
2014/11/18, , , 55, 16, 1, 7
2014/11/23, , , 55, 18, 5, 7
2014/11/30, , , 60, 16, 4, 6
2014/12/7, , , 30, 16, 2, 8
2014/12/14, , , 13, 27, 4, 
2014/12/21, , , 62, 11, 3, 6
2014/7/1, , , 26, 10, 2, 4
2014/8/22, , , 16, 22, 3, 6
2014/8/27, , , 23, 16, 3, 95
2014/8/28, , , 15, 10, 3, 22
2014/5/15, , , 20, 16, 3, 5
2014/5/16, , , 32, 8, 2, 4
2014/6/15, , , 22, 8, 1, 4
2013/12/31, , , 84, 8, 4, 11
2014/1/22, , , 46, 29, 10, 10
2014/1/26, , , 56, 34, 7, 13
2014/2/2, , , 20, 2, 2, 5
2014/2/3, , , 34, 15, 3, 6
2014/3/27, , , 30, 7, 2, 6
2018/7/15, , , , 10, , 
2018/4/20, , , , 4, , 
2015/9/1, , , , 2, 2, 5
2015/9/3, , , , 7, 2, 5
2015/9/6, , , , 3, 2, 3
2016/8/25, , , , , 1, 
2016/8/26, , , , , 1, 
2016/8/27, , , , , 2, 
2016/8/28, , , , , 1, 
2016/8/29, , , , , , 
2016/8/30, , , , , , 
2016/8/31, , , , , , 
2017/8/21, , , , , , 